邮轮,1550
餐厅,1095
服务,1007
船上,769
不错,759
吃,711
儿童,576
餐饮,475
玩,475
房间,448
项目,405
活动,402
体验,397
设施,385
服务员,375
感觉,341
免费,339
表演,304
娱乐,302
时间,302
选择,297
满意,275
岸上,260
适合,251
特别,246
自助餐厅,236
老人,231
演出,211
阳台,210
安排,207
收费,204
真的,204
排队,201
开心,200
中国,196
喜欢,189
上船,183
干净,182
人员,182
行程,175
总体,169
热情,165
东西,165
住宿,158
预约,156
味道,152
客房,151
下次,150
旅行,149
自助餐,147
棒,147
很棒,145
付费,144
晚上,142
精彩,140
好吃,133
海洋,132
推荐,132
玩乐,131
地方,128
值得,125
品种,125
第一次,122
出行,120
甲板,118
口味,112
打扫,111
游客,109
旅游,106
节目,104
整体,103
购物,103
提前,102
丝绸之路,102
下船,100
价格,96
预定,95
帆船,95
中,94
美金,92
舒适,92
食物,92
态度,91
吃饭,90
少,88
碰碰车,86
登船,86
小时,85
套餐,85
只能,84
参加,84
菜品,83
天,83
希望,82
冲浪,81
游乐,79
豪华,79
披萨,77
一点,77
吃喝玩乐,77
南极,76
很大,75
唯一,75
日本,75
免税店,74
跳伞,74
270,73
享受,73
球,73
泳池,73
环境,72
游玩,72
出游,72
牛排,72
菜,71
套房,71
海上,71
好玩,71
导游,71
菜单,71
贵,70
第一天,69
遗憾,69
完美,69
前,68
中文,68
剧院,67
找,67
金卡,67
娱乐活动,66
还会,66
每晚,66
服务态度,65
期待,65
齐全,65
台风,65
舒服,64
两个,64
愉快,64
整洁,64
晚,64
西餐,63
不用,63
👍,63
提供,63
差,62
超级,61
种类,61
新船,59
领队,59
不到,58
银卡,58
用餐,58
客人,58
父母,58
到位,58
攀岩,57
上海,56
自费,56
位置,56
舱房,56
几个,55
饮料,55
几天,55
船员,54
中餐,54
上岸,54
丰富多彩,54
时,54
走,54
观光,54
服务生,53
乘坐,53
岁,53
发现,52
运动,52
公司,51
不好,51
管理,51
15,50
一流,50
天气,50
机会,50
餐食,50
第二天,50
老年人,50
10,50
实在,50
尝试,49
铁板烧,49
火锅,48
选,48
性价比,48
感受,48
水果,48
无聊,48
码头,47
美食,47
景点,47
自由,47
周到,47
人太多,47
完,47
意大利,47
服务费,47
还好,46
空间,46
the,46
情况,45
特色,45
全家,45
休闲,45
失望,45
友好,44
拥挤,44
自助,44
可惜,44
便宜,44
次,44
两次,43
之旅,43
客服,43
开放,43
宝宝,43
这是,43
消费,43
卫生,42
饮食,42
游泳,42
赞,42
精致,42
好多,41
厅,41
朋友,41
全程,41
分钟,41
旅程,40
更好,40
推销,40
硬件,40
确实,39
家人,39
质量,39
好看,39
员工,39
海鲜,39
晕船,39
奇侠,39
晚餐,38
没什么,38
担心,38
餐,38
需求,38
预订,37
托管,37
新鲜,37
层,37
想象,37
游泳池,37
大海,37
早餐,37
电梯,37
两天,36
沟通,36
度假,36
第二次,36
设备,36
11,36
度,36
月,35
购买,35
打招呼,35
楼主,35
放松,35
天天,34
假期,34
重复,34
就餐,33
演员,33
外籍,33
美元,33
海景,33
人多,33
专业,33
不太,33
回来,33
出发,33
wifi,33
酒吧,33
开,32
大部分,32
长,32
原因,32
工作,32
毛巾,32
生活,32
钱,32
年,31
甜品,31
座位,31
家庭,31
年龄,31
感,31
楼层,31
各项,31
休息,31
设计,31
帮,31
增加,31
游戏,31
影响,31
剧场,31
换,31
首航,30
下午,30
有序,30
酒店,30
问,30
大人,30
轻松,30
相比,29
方式,29
航程,29
玩得,29
睡,29
超,29
感谢,29
短,29
取消,29
浪费,29
甜点,29
放在,29
喝,29
一般般,28
印象,28
食材,28
震撼,28
找到,28
国内,28
惊喜,28
改进,28
主动,28
贴心,28
结束,28
行前,28
中心,28
秀,28
内容,27
够,27
负责,27
动物,27
应有尽有,27
合适,27
️,27
家,27
整理,27
品质,27
不想,27
提高,27
占,27
12,26
本次,26
中式,26
水准,26
半小时,26
一位,26
船尾,26
app,26
大董,26
风景,26
很快,26
船头,26
心情,26
现场,26
热狗,25
先进,25
反正,25
谢谢,25
VIP,25
爸妈,25
魔术,25
30,25
回,25
惬意,25
最新,25
装修,25
式,24
每天晚上,24
景观,24
好像,24
比较满意,24
记得,24
流程,24
多样,24
真心,24
解决,24
抢,24
日,24
行李,24
公主,24
早上,24
难吃,24
镭射,24
歌舞,23
热情周到,23
亚洲,23
早,23
厉害,23
本来,23
龙虾,23
船方,23
暑假,23
主菜,22
评价,22
丰盛,22
速度,22
每次,22
躺,22
礼貌,22
听,22
咖啡,22
非常适合,22
菜式,22
有个,22
点餐,22
清洁,22
低,22
食品,22
外国人,22
美味,22
至少,22
有人,22
理解,22
倒,22
穿,22
西式,21
射箭,21
午餐,21
组织,21
有待,21
英语,21
老外,21
难忘,21
好好,21
亲切,21
妈妈,21
送,21
加,21
约,21
素质,21
导致,21
足够,21
细致,21
第一,21
请,21
站,21
冲绳,21
有意思,21
面积,20
元,20
买买,20
沙发,20
鹿儿岛,20
三个,20
肯定,20
室内,20
标准,20
看着,20
费用,20
年轻人,20
川菜,20
告知,20
全是,20
福冈,20
人性化,20
很赞,20
亲子,20
条件,20
美中不足,20
牛肉,20
宽敞,20
港口,20
健身房,20
美好,20
几次,20
大巴,19
需,19
专属,19
39,19
办法,19
累,19
😂,19
提醒,19
牛排馆,19
接受,19
水,19
当天,19
耐心,19
进,19
厨师,19
花,19
贵宾,19
照片,19
船票,19
供应,19
蛋糕,19
更是,19
很小,19
热门,19
风浪,18
五天,18
互动,18
稍微,18
吸引,18
派对,18
显得,18
错过,18
分,18
长崎,18
室外,18
电影,18
20,18
帮忙,18
事情,18
折,18
强,18
外国,18
手续,18
娱乐节目,18
这艘,18
托运,18
外面,18
爱,18
太小,18
卫生间,18
国人,18
赞礼,18
温馨,18
nice,18
点赞,18
喜悦,18
主题,18
护照,18
太多,18
—,18
母亲,18
包括,17
大型,17
乒乓球,17
估计,17
&#,17
吐槽,17
麻烦,17
折扣,17
乘客,17
刺激,17
儿子,17
优惠,17
一路,17
超棒,17
😄,17
歺,17
照顾,17
床上,17
高大,17
报纸,17
24,17
东南亚,17
虾,17
区域,17
第三次,17
无论是,17
旅客,17
观看,17
丢,17
家里,16
戏水,16
中午,16
科技,16
令人,16
效果,16
混乱,16
单一,16
大妈,16
深刻,16
美,16
水平,16
多人,16
英文,16
一张,16
日料,16
网络,16
畅饮,16
排,16
夜宵,16
高科技,16
不愧,16
饮,16
女儿,16
一场,16
吐,16
度过,16
太贵,16
关键,16
贵宾厅,16
攻略,16
陆地,16
五星级,16
沙发床,16
睡觉,16
声音,16
坑,16
服务周到,16
强烈推荐,16
白天,16
水手,16
of,16
放,16
内部,16
手表,16
亮点,16
平稳,15
坐过,15
海景房,15
咖啡厅,15
每人,15
海涵,15
回到,15
信息,15
位,15
细节,15
离船,15
带上,15
老公,15
团,15
舞台,15
变化,15
老妈,15
听说,15
早点,15
完善,15
水上,15
客气,15
简单,15
同行,15
挺不错,15
辛苦,15
感到,15
到达,15
伙食,15
还行,15
航行,15
预期,15
化妆品,15
车,15
玩玩,15
快乐,15
吃喝,15
等候,15
APP,15
遮挡,15
介绍,15
值得一看,15
房型,15
2019,14
呆,14
算是,14
一艘,14
服务到位,14
国外,14
quot,14
馆,14
跑,14
全,14
快速,14
三次,14
外,14
乱,14
参观,14
舞蹈,14
体现,14
风格,14
井井有条,14
饭,14
不算,14
打折,14
40,14
一家人,14
团队,14
量,14
青少年,14
航线,14
有限,14
想要,14
商品,14
有趣,14
首选,14
事,14
一顿,14
通道,14
16,14
机器人,14
人群,14
留下,14
四,14
手机,14
门口,14
样子,14
几年,14
碰到,14
先,14
蔬菜,14
下雨,14
to,14
地道,13
拖鞋,13
元素,13
击剑,13
正好,13
半个,13
久,13
投诉,13
一瓶,13
产品,13
仔细,13
顺利,13
鸡肋,13
年龄段,13
意犹未尽,13
花钱,13
四楼,13
品牌,13
观景,13
无人机,13
拍照,13
依然,13
意外,13
很漂亮,13
时光,13
交流,13
打开,13
音乐,13
胃口,13
高级,13
卡,13
美国,13
每日,13
重样,13
城市,13
vip,13
旅行社,13
收拾,13
床,13
可爱,13
随便,13
友善,13
热闹,13
一级,13
额外,13
成,13
灯光,13
带来,13
提升,13
档次,13
那天,13
是因为,13
讲,13
懂,13
玻璃,13
比例,13
省心,13
道,13
宾至如归,13
安静,13
保证,13
各类,13
带娃,13
惊艳,13
逛,13
蹦极,13
口感,13
酒水,13
教练,13
送餐,13
上菜,12
位子,12
等待,12
晃,12
优先,12
老人家,12
花样,12
冷,12
OK,12
秩序,12
一如既往,12
98,12
好几个,12
提早,12
悠闲,12
说实话,12
特意,12
不高,12
四个,12
电话,12
装饰,12
故障,12
客户,12
去年,12
参与,12
正宗,12
填写,12
不行,12
总,12
缺点,12
三,12
冰淇淋,12
随意,12
官网,12
不太好,12
询问,12
哈哈哈,12
台,12
层次,12
力,12
受,12
符合,12
信号,12
身体,12
团建,12
偏西,12
店,12
顿,12
董,12
现象,12
十四,12
提示,12
欣赏,12
敬业,12
公共,12
服务质量,12
面条,12
躺椅,12
国际,12
菜色,12
饭菜,12
糟糕,12
区,12
00,12
服务台,12
18%,12
订单,12
一家,12
吹,12
暑期,12
18,11
母港,11
仓房,11
饿,11
一共,11
篮球,11
菜肴,11
单调,11
剩下,11
半天,11
没得说,11
一行,11
安检,11
划算,11
咨询,11
自行,11
那种,11
总监,11
跳舞,11
高峰,11
体会,11
习惯,11
人间,11
明年,11
个人感觉,11
清理,11
极差,11
吃饱,11
免去,11
两场,11
吃吃喝喝,11
话,11
解释,11
回程,11
尽情,11
旁边,11
商店,11
高峰期,11
不虚此行,11
没话说,11
去过,11
没法,11
关闭,11
拍,11
人生,11
无限,11
印度,11
轮椅,11
总有,11
充足,11
上次,11
挤,11
泡,11
中规中矩,11
轻松愉快,11
过程,11
人满为患,11
国家,11
经理,11
海风,11
VR,11
类,11
房卡,11
at,11
I,11
晕,10
show,10
足球,10
写,10
第四天,10
下水,10
超过,10
难,10
宣传,10
两位,10
待遇,10
腻,10
热,10
地接,10
太高,10
多一点,10
川谷荟,10
Wi,10
Fi,10
时段,10
插队,10
小小的,10
未,10
陪,10
微笑,10
太短,10
下午茶,10
后悔,10
世界,10
登上,10
停,10
太少,10
一晚,10
打车,10
信用卡,10
摇晃,10
超值,10
肉,10
更换,10
奢华,10
坐在,10
电视,10
快速通道,10
中西,10
宾客,10
线路,10
😃,10
用品,10
药妆,10
矿泉水,10
很长,10
小伙伴,10
软件,10
年纪,10
主厨,10
享用,10
奢侈品,10
告诉,10
一半,10
也许,10
尽兴,10
棒棒,10
先说,10
充实,10
魅舞,10
今昔,10
薯条,10
努力,10
不让,10
收,10
5000,10
面包,10
海,10
不知,10
场所,10
网上,10
做好,10
差评,10
喜好,10
乐园,10
我家,10
账单,10
饮品,10
包包,10
对决,10
刀,10
很差,10
we,10
服务中心,10
补充,9
凌晨,9
三点,9
游览,9
重点,9
边上,9
毛病,9
满满,9
😀,9
收到,9
打印,9
六天,9
手,9
出门,9
老年,9
人挤,9
胖,9
区别,9
急,9
乒乓,9
嗨,9
卡拉,9
紧凑,9
发生,9
最差,9
下载,9
通知,9
撑,9
优秀,9
挑剔,9
船体,9
一人,9
可口,9
船长,9
表扬,9
大秀,9
一道,9
五楼,9
逛逛,9
一点点,9
细心,9
太阳,9
五星,9
接,9
东京,9
头,9
一句,9
水池,9
足,9
小贵,9
强烈建议,9
🚢,9
药妆店,9
时间段,9
见到,9
用心,9
叠,9
早饭,9
看海,9
哒,9
关注,9
超赞,9
场,9
刚刚,9
阳光,9
WiFi,9
弥补,9
关门,9
不足之处,9
多一些,9
粥,9
烧烤,9
饭点,9
类似,9
有钱,9
无比,9
卖,9
幸运,9
好喝,9
健身,9
培训,9
人数,9
桌子,9
航次,9
乐队,9
甜,9
国庆,9
打电话,9
差劲,9
行李箱,9
正餐,9
设置,9
图片,9
赌场,9
巧克力,9
貌似,9
小费,9
票,9
满分,9
微信,9
终于,8
脸,8
够吃,8
屋,8
新颖,8
五个,8
目的地,8
即可,8
理想,8
每餐,8
药,8
人民币,8
船舱,8
文化,8
太好了,8
超多,8
接送,8
改善,8
身高,8
勤快,8
日式,8
回船,8
幽默,8
杂技,8
场地,8
唱,8
关系,8
陪同,8
人流,8
60,8
改变,8
我定,8
数量,8
时刻,8
小吃,8
稳,8
主食,8
滴,8
满满的,8
早早,8
放心,8
开胃菜,8
汤,8
肚子,8
挑,8
三天,8
走马观花,8
80,8
经历,8
打卡,8
浴巾,8
流连忘返,8
200,8
衣架,8
乌克兰,8
玩儿,8
一座,8
赶上,8
100,8
调整,8
差距,8
众多,8
每顿,8
计划,8
超出,8
人均,8
平时,8
单独,8
女,8
井然有序,8
没想到,8
一大,8
陆上,8
大厅,8
漂亮,8
搞,8
引导,8
垃圾,8
能力,8
牌子,8
办理,8
拉开,8
WIFI,8
一种,8
主管,8
有没有,8
槽,8
钢琴,8
was,8
抱,8
专享,8
一趟,8
巡游,8
只会,8
三餐,8
娃,8
好处,8
小小,8
慢,8
二次,8
高兴,8
晚饭,8
厨房,8
事先,8
不像,8
较差,8
一塌糊涂,8
无遮挡,8
吉他,8
table,8
三家,8
大船,7
风情,7
越南,7
四晚,7
牙刷,7
牙膏,7
同意,7
要说,7
中国籍,7
说法,7
无敌,7
笑容,7
de,7
餐品,7
娱乐场所,7
长时间,7
变,7
差点,7
指引,7
船中,7
试试,7
有条不紊,7
空调,7
打篮球,7
ok,7
开通,7
错峰,7
旅途,7
火山,7
运气,7
样样,7
小姐姐,7
点评,7
太棒了,7
门,7
等位,7
酒精,7
艺术,7
紧张,7
气氛,7
风洞,7
高端,7
要点,7
好评,7
回家,7
干,7
吃腻,7
优质,7
付出,7
枯燥,7
前菜,7
经典,7
晒,7
红酒,7
购物点,7
老爸,7
爸爸妈妈,7
困难,7
衣服,7
美式,7
队,7
饺子,7
乐趣,7
漂浮,7
保健品,7
讲解,7
还给,7
造型,7
五脏俱全,7
不停,7
光顾,7
🏻,7
一圈,7
半夜,7
像是,7
分量,7
几家,7
偏少,7
大众,7
多点,7
经验,7
懒人,7
部,7
短暂,7
布局合理,7
一份,7
那霸,7
达,7
热水,7
平米,7
周全,7
老少皆宜,7
完备,7
全新,7
酒,7
提,7
°,7
 ,7
成功,7
不买,7
一只,7
日本料理,7
检查,7
年龄层,7
堪称,7
心,7
商业,7
环节,7
美景,7
没玩够,7
详细,7
点菜,7
不爽,7
尊享,7
星,7
跟着,7
节奏,7
放下,7
占座,7
座,7
味,7
两,7
风味,7
销售,7
图书馆,7
厚,7
小哥,7
幕后,7
不耐烦,7
上车,7
受不了,7
嘈杂,7
全景,7
促销,7
吵,7
死,7
两人,7
坏,7
老少,7
占位,7
忍不住,7
剁,7
飞机,7
经济,7
出钱,7
all,7
waiter,7
安保,7
指定,7
̿,7
晕船药,6
两瓶,6
瓶装水,6
发,6
十分满意,6
按摩,6
规范,6
无障碍,6
看不到,6
车上,6
è,6
a,6
一大家子,6
特别感谢,6
小宝宝,6
冬天,6
氛围,6
会员,6
有时候,6
开门,6
第三天,6
带给,6
多功能,6
一条,6
观赏,6
日出,6
29,6
分批,6
容纳,6
掉,6
有问必答,6
下车,6
间,6
大床,6
米其林,6
下降,6
一应俱全,6
搞笑,6
几场,6
整条,6
早晚,6
大道,6
查,6
茶,6
体力,6
吃点,6
包含,6
轮船,6
厕所,6
公海,6
期间,6
消毒,6
洗手,6
成人,6
餐点,6
70,6
不适,6
晒太阳,6
相关,6
熟悉,6
大阪,6
兴趣,6
爸爸,6
供,6
品种繁多,6
观众,6
路线,6
始终,6
总体而言,6
不怎么样,6
过敏,6
偏向,6
合胃口,6
可选,6
蹦床,6
容错过,6
日出日落,6
300,6
俯瞰,6
操作,6
稍,6
高档,6
升级,6
大气,6
辣,6
特,6
午饭,6
好点,6
😊,6
来回,6
公园,6
略有,6
出关,6
司机,6
太久,6
三楼,6
船内,6
chef,6
温度,6
小食,6
阿姨,6
气息,6
_,6
13,6
放弃,6
兼顾,6
音响,6
温暖,6
KTV,6
配套,6
●,6
越来越,6
一个多,6
周岁,6
优点,6
崭新,6
航行者,6
房间内,6
自然,6
天堂,6
全家人,6
最多,6
合理安排,6
十足,6
收获,6
尴尬,6
纪念品,6
靠窗,6
几点,6
微笑服务,6
令人满意,6
上午,6
配合,6
目不暇接,6
前台,6
最佳,6
回答,6
学,6
笑脸,6
早就,6
谈不上,6
综合,6
场馆,6
上游,6
ifly,6
精彩演出,6
意识,6
米饭,6
太甜,6
入住,6
浴场,6
就行,6
符合中国,6
一遍,6
达人秀,6
唱歌,6
....,6
玩耍,6
料理,6
明星,6
收取,6
‍,6
总能,6
西餐厅,6
咖啡馆,6
爽,6
床单,6
打扫卫生,6
一会,6
人山人海,6
一游,6
扣,6
这条,6
更新,6
图,6
前一天,6
不吃,6
第三,6
胃,6
状况,6
＋,6
还会用,6
vr,6
奸笑,6
监控,6
新加坡,6
基础,6
逊色,6
水壶,6
大牌,6
鸡尾酒,6
搞定,6
and,6
room,6
错,6
杂技表演,6
功能,6
客舱,6
异域,5
超大,5
艘,5
月份,5
星梦,5
交通,5
主打,5
中西餐,5
三道,5
参考,5
含,5
物有所值,5
活動,5
先到,5
行驶,5
船大,5
商场,5
来到,5
l,5
pour,5
et,5
notre,5
t,5
视野,5
形式,5
各处,5
居多,5
思,5
💲,5
自选,5
年轻,5
无语,5
室,5
踢足球,5
位于,5
端,5
字,5
书面,5
分流,5
拉面,5
取,5
不愧为,5
改,5
地区,5
点单,5
浴缸,5
面对,5
明明,5
抽烟,5
赠送,5
补偿,5
官方,5
偏贵,5
一去,5
菜系,5
gt,5
舍不得,5
尹枫,5
证,5
条,5
运动场,5
两家,5
顾客,5
打造,5
摆放,5
4000,5
第一批,5
绑定,5
切记,5
离开,5
吃个,5
第五天,5
哈哈哈哈,5
三人,5
物超所值,5
煮,5
同志,5
跳,5
瑜伽,5
过瘾,5
太差,5
地陪,5
弄,5
订好,5
实惠,5
笑,5
宝格丽,5
市中心,5
送到,5
演艺,5
视觉,5
人员素质,5
欠缺,5
一切都是,5
搭乘,5
打算,5
资料,5
冰箱,5
一条龙,5
管家,5
三顿,5
余地,5
换换,5
虽小,5
身份证,5
烦恼,5
不小,5
几位,5
票价,5
全家老小,5
有主,5
玩水,5
吃货,5
充满,5
回去,5
隔音,5
马桶,5
出去玩,5
课程,5
空中,5
正,5
舞台效果,5
买票,5
指望,5
省力,5
勉强,5
结算,5
免税,5
准时,5
不值,5
四天,5
17,5
露天,5
各有特色,5
时尚,5
短驳,5
过得,5
大小,5
吴淞,5
鱼,5
过长,5
衣柜,5
聊,5
看秀,5
金枪鱼,5
语言,5
滑板,5
唯独,5
过得去,5
评论,5
沙拉,5
笑脸相迎,5
晚间,5
一款,5
两点,5
没得,5
广场,5
航站楼,5
面带微笑,5
过多,5
控制,5
热情服务,5
挑选,5
充裕,5
双人,5
for,5
实用,5
减少,5
沒,5
想想,5
回忆,5
欢乐,5
背后,5
号称,5
烤,5
值得一提的是,5
反馈,5
插曲,5
美味可口,5
品尝,5
迟到,5
系列,5
专人,5
无需,5
打扰,5
最最,5
食品安全,5
舒适度,5
布局,5
风土人情,5
人少,5
酒廊,5
盛世,5
说好,5
歌,5
生日,5
😬,5
块,5
想到,5
起码,5
显示,5
汗,5
好去处,5
餐具,5
力度,5
路上,5
good,5
菲律宾,5
相,5
游船,5
繁琐,5
舞,5
❤,5
官,5
吵架,5
布置,5
想着,5
会变,5
新增,5
瓶,5
最赞,5
只不过,5
快餐,5
播放,5
my,5
靠岸,5
一间,5
大雨,5
停车场,5
只好,5
赶紧,5
地铁站,5
主餐,5
吃住行,5
大虾,5
贴,5
精心,5
科技含量,5
救生衣,5
两年,5
夫妇,5
高效,5
保留,5
不敢恭维,5
南极星,5
繁多,5
选择性,5
庆幸,5
欲望,5
演习,5
露天电影,5
单点,5
一两天,5
最少,5
土豪,5
原本,5
排长队,5
不带,5
超高,5
付,5
米,5
面,5
程度,5
固定,5
日常,5
接近,5
免费餐,5
付钱,5
日落,5
次序,5
系统,5
三岁,5
带去,5
眼睛,5
不见,5
供选择,5
好极了,5
紧,5
感叹,5
逃生,5
景色,5
买个,5
丢失,5
给予,5
19,5
有种,5
柜子,5
限量,5
杯,5
坐下,5
点半,5
完后,5
首饰,5
两三次,5
拉,5
右舷,5
是从,5
给力,5
钢琴演奏,5
233,5
22,4
香港,4
名不虚传,4
通风,4
自带,4
沐浴,4
沐浴露,4
不间断,4
发出,4
报,4
团费,4
一分,4
越,4
太大,4
池,4
变换,4
幸好,4
人士,4
误导,4
敏感,4
s,4
é,4
接待,4
90,4
值船,4
五晚,4
老带,4
暖心,4
物品,4
差强人意,4
短信,4
奢侈,4
跟团,4
队伍,4
营业时间,4
温水,4
乘过,4
佳,4
属,4
一把,4
上网,4
落日,4
超好,4
喷发,4
极好,4
兴奋,4
略显,4
一下子,4
看过,4
女服务员,4
船后,4
二个,4
热心,4
遍,4
太慢,4
非要,4
不佳,4
累死,4
大风,4
坐船,4
绑,4
箱子,4
交给,4
🏄,4
定位,4
千人,4
点名,4
汉堡,4
饮用水,4
2000,4
屏蔽,4
吃完饭,4
菜量,4
45,4
节省,4
费,4
着急,4
太赶,4
品种齐全,4
作,4
指导,4
逗,4
禁止,4
路,4
非常感谢,4
这位,4
没事,4
季节,4
吃不消,4
棒极了,4
配置,4
烧水,4
基本一致,4
活动场所,4
处,4
99,4
顶级,4
令,4
愉悦,4
巡航,4
八天,4
▽,4
一整天,4
蟹,4
吃得饱,4
发放,4
五岁,4
携带,4
一体,4
京都,4
过后,4
后续,4
休闲游,4
洗漱,4
欧舒丹,4
提出,4
我订,4
自备,4
偏,4
不惯,4
避开,4
日游,4
较大,4
打牌,4
阅读,4
材料,4
复印件,4
海关,4
百老汇,4
权益,4
事实证明,4
宵夜,4
出动,4
省事,4
麻雀虽小,4
太紧,4
合并,4
楼梯,4
路程,4
点心,4
娱乐场,4
篇,4
珠宝,4
看好,4
一碗,4
着想,4
文明,4
千万别,4
意境,4
省,4
游程,4
冻结,4
欧美,4
举家,4
一路上,4
反复,4
无功,4
无过,4
分开,4
拍拍,4
玩不过来,4
恒温,4
香槟,4
视频,4
踏上,4
宝贝,4
50,4
麻将,4
扫,4
师傅,4
办,4
忘,4
拖家带口,4
喝杯,4
忘记,4
类型,4
同一个,4
活动中心,4
心旷神怡,4
健康,4
不去,4
差别,4
俱乐部,4
夕阳,4
一是,4
二是,4
淋浴,4
多种,4
厨艺,4
面食,4
优雅,4
英雄,4
屏幕,4
盛宴,4
炸鸡,4
三四,4
可乐,4
婴儿床,4
简餐,4
不便,4
卖力,4
欢送,4
国际化,4
点到,4
光影,4
班车,4
为啥,4
猪,4
注重,4
✪,4
羊腿,4
再见,4
一个月,4
晩,4
」,4
多到,4
温泉,4
搭配,4
一個,4
泉,4
做法,4
参团,4
和善,4
一群,4
吃不完,4
桌上,4
陪伴,4
面朝,4
退款,4
认真负责,4
盯,4
多年,4
25,4
点多,4
1.5,4
选项,4
傻,4
维护,4
心中,4
重视,4
保障,4
舒心,4
道理,4
多些,4
古诺,4
可想而知,4
游乐场,4
遇见,4
便利店,4
便捷,4
音厅,4
👩,4
团游,4
赌博,4
糟心,4
very,4
not,4
路过,4
洗浴,4
睡得,4
眼神,4
迪斯科,4
去程,4
精美,4
睡眠,4
推,4
组合,4
时不时,4
顺便,4
凉,4
房号,4
退休,4
剩,4
本土,4
缺少,4
柠檬水,4
技术,4
抠门,4
演奏,4
发烧,4
1000,4
历奇,4
太太,4
欧洲,4
值,4
✌,4
泉日料,4
能量,4
游行,4
实际上,4
绝大多数,4
彬彬有礼,4
精彩纷呈,4
坑人,4
摆渡,4
留在,4
海浪,4
字幕,4
名字,4
注册,4
餐馆,4
三人间,4
特地,4
四家,4
一试,4
吨位,4
观感,4
临走,4
之外,4
猜,4
游戏机,4
飞行,4
忙,4
三分之一,4
运行,4
精彩绝伦,4
空中飞人,4
年前,4
媳妇,4
买单,4
退,4
外套,4
整艘,4
人会,4
功课,4
描述,4
俱全,4
🌊,4
之间,4
捂脸,4
占领,4
醉,4
很难,4
最美,4
机器,4
戏,4
人气,4
停不下来,4
研究,4
懒散,4
中秋,4
叠小,4
空位,4
证明,4
前往,4
日元,4
这件,4
停止,4
这家,4
人性,4
感觉不好,4
第一排,4
停靠,4
吴淞口,4
腿,4
舞会,4
难度,4
滑梯,4
赢得,4
熊,4
满载,4
场次,4
配,4
旁,4
扔,4
五千多,4
败笔,4
双人床,4
够用,4
一餐,4
目的,4
眼镜,4
宫殿,4
牛奶,4
搬,4
地毯,4
应接不暇,4
风光,4
抓,4
川谷汇,4
在岸,4
见识,4
家长,4
拥有,4
九州,4
那一刻,4
俩,4
文艺,4
骗,4
确认,4
大声,4
难以,4
卡丁车,4
地中海,4
汉语,4
二,4
靠近,4
洗发水,4
售后,4
二楼,4
莫名其妙,4
几顿,4
莫名,4
食用,4
蚊虫,4
this,4
银卡套,4
就行了,4
舞美,4
almost,4
with,4
us,4
that,4
玩伴,4
星空,4
传奇,4
跟不上,4
😓,4
结账,4
级别,4
App,4
烤鸭,4
不上,4
没用,4
最终,4
没人,4
插座,4
拉肚子,4
原先,4
管理混乱,4
无人,4
一家老小,4
星级,4
这时候,4
慎重,4
发霉,4
在线,4
凌乱,4
灰常,4
休息区,4
文艺演出,4
拿来,4
游不开,4
手工,4
吼,4
户外,4
男服务员,4
小宝,4
未来,4
往返,3
压抑,3
原以为,3
瑕不掩瑜,3
音乐厅,3
日程,3
大方,3
生硬,3
点缀,3
古迹,3
感受一下,3
付費,3
餐廳,3
三大,3
环境卫生,3
市场,3
几种,3
玩法,3
抗,3
à,3
son,3
au,3
croisi,3
结婚,3
纪念日,3
游是,3
拿到,3
翻,3
融合,3
很贵,3
拖,3
亲切感,3
闷,3
安逸,3
畅行,3
更佳,3
不累,3
表示感谢,3
平淡,3
流利,3
子,3
火车,3
一言难尽,3
船方能,3
吸烟,3
再来,3
身心,3
精,3
音效,3
压力,3
时人,3
干嘛,3
自由选择,3
素食,3
不肯,3
大嫂,3
二嫂,3
商量,3
却是,3
过高,3
美丽,3
样式,3
四十分钟,3
协商,3
人带,3
贵点,3
四次,3
平日,3
模式,3
极致,3
化,3
风大,3
say,3
节目单,3
关心,3
怀孕,3
和蔼,3
喜爱,3
慢慢,3
货,3
不论是,3
丝毫,3
合影,3
会带,3
怀着,3
哥哥,3
转,3
夜,3
不贵,3
心理,3
简便,3
虚拟,3
烟花,3
挺好吃,3
匹配,3
缩水,3
高科技产品,3
船是,3
单人,3
拍照片,3
各取所需,3
谨慎,3
杨路,3
T1,3
坐满,3
喝点,3
风趣,3
感兴趣,3
人能,3
晚点,3
籍,3
级,3
强制,3
邮船,3
太挤,3
仓促,3
顾虑,3
身边,3
每位,3
船医,3
护士,3
正确,3
额外收费,3
老实,3
聊天,3
果汁,3
儿童乐园,3
party,3
宝山,3
厕纸,3
份量,3
面点,3
晴天,3
两艘,3
内部结构,3
点儿,3
距离,3
接驳,3
地铁,3
偏僻,3
等级,3
分布,3
有点儿,3
半年,3
一周,3
听觉,3
美妆,3
个个,3
清扫,3
折叠,3
三明治,3
场景,3
歌舞剧,3
和谐,3
晃动,3
展开,3
澡,3
几分钟,3
散客,3
应付,3
中老年人,3
对不起,3
爱心,3
很值,3
西瓜,3
订购,3
名,3
下手,3
节,3
浪,3
观海,3
洗澡,3
外文,3
点钟,3
中饭,3
吃不下,3
语,3
明智,3
解决方案,3
起床,3
王,3
餐制,3
浴室,3
答复,3
法式,3
2021,3
外婆,3
如厕,3
无所谓,3
带点,3
无忧无虑,3
事后,3
预扣,3
资金,3
注意事项,3
很饱,3
不划算,3
真是太,3
单位,3
上海港,3
营业,3
包车,3
精力,3
适宜,3
太冷,3
要选,3
启航,3
仪式,3
激光,3
射击,3
琳琅满目,3
妹妹,3
第五,3
印度尼西亚,3
多位,3
来接,3
早到,3
恰到好处,3
临时,3
慢跑,3
全方位,3
步骤,3
出口,3
住房,3
两间,3
郁闷,3
虹桥,3
项,3
果断,3
步行,3
清静,3
比不上,3
爱人,3
无辣,3
不欢,3
咖语,3
华丽,3
装,3
一部,3
背景,3
大开眼界,3
融入,3
智能,3
故事,3
🙏,3
世界各地,3
一杯,3
橙汁,3
糕点,3
床铺,3
本想,3
办事效率,3
受欢迎,3
姐妹,3
两种,3
奇葩,3
公里,3
一头,3
人为,3
进门,3
填,3
运营,3
大爷,3
短短的,3
住宿服务,3
敬业精神,3
太累,3
太快,3
搭载,3
壮观,3
谈,3
打发,3
方方面面,3
心心念念,3
精品,3
团餐,3
一道道,3
选择面,3
走路,3
可玩,3
到此一游,3
大厨,3
救生艇,3
尽心,3
親切,3
來,3
七天,3
无边,3
牛,3
120,3
压轴,3
新鲜度,3
挺大,3
无可挑剔,3
一块,3
这才,3
生鱼片,3
船方会,3
韩国,3
演绎,3
船新,3
启动,3
休假,3
庆祝,3
公婆,3
现烤,3
错开,3
学会,3
绿洲,3
无忧,3
推出,3
我妈,3
四位,3
噪音,3
整船,3
口,3
归还,3
独特,3
韩,3
找个,3
洗,3
日光浴,3
栈道,3
携程网,3
四星,3
十分钟,3
关怀,3
各国,3
不錯,3
東西,3
體驗,3
說,3
全船,3
大餐,3
最合适,3
围着,3
蛮大,3
实时,3
悦,3
控,3
新奇,3
见面,3
清洗,3
窗户,3
长胖,3
多彩,3
匆匆忙忙,3
cruise,3
other,3
also,3
it,3
建立,3
惊吓,3
颠簸,3
呕吐,3
试,3
进一步,3
观察,3
说话,3
深夜,3
摔,3
有求必应,3
等待时间,3
还选,3
日报,3
操心,3
胜,3
小元,3
☀,3
闲着,3
频繁,3
不好意思,3
价钱,3
如果说,3
中旬,3
一个劲,3
酱油,3
95%,3
有用,3
依旧,3
业务,3
顶,3
没意思,3
冰块,3
小心,3
稍显,3
🥳,3
14.5,3
格局,3
坐上,3
保养,3
还会来,3
俄罗斯,3
小点,3
模拟,3
比主,3
学习,3
不合理,3
尽力,3
泳衣,3
很强,3
现煮,3
默认,3
再也,3
餐盘,3
面档,3
肉类,3
冰激凌,3
床垫,3
哑剧,3
心思,3
满意度,3
按排,3
地面,3
连续,3
发呆,3
敷衍,3
苦,3
算了,3
靠港,3
cs,3
小游戏,3
知识,3
碰上,3
狂风暴雨,3
船晃,3
压根,3
订餐,3
青年,3
参差不齐,3
特卖,3
畅吃,3
甜品店,3
包子,3
进港,3
雨,3
指挥,3
恶劣,3
跑步,3
🍕,3
夜晚,3
顺畅,3
Nice,3
小姑娘,3
致谢,3
千多,3
独立,3
海面,3
前两天,3
没敢,3
超乎,3
分为,3
私密,3
逗乐,3
Ribi,3
集体,3
带领,3
狂欢,3
折腾,3
不订,3
简陋,3
最晚,3
多功能厅,3
冷饮,3
教,3
点歌,3
很傻,3
脸上,3
当日,3
新鲜感,3
参照,3
优势,3
跳跳,3
填饱,3
料,3
途径,3
两顿,3
115,3
要加,3
瑕疵,3
感动,3
夹生,3
带个,3
高处,3
灵活,3
效率,3
桑拿,3
大家庭,3
聘请,3
疯狂,3
小火锅,3
算上,3
一个个,3
不符,3
尤为,3
美轮美奂,3
动感,3
外国游客,3
色香味,3
卷,3
变得,3
标识,3
真实,3
好奇,3
人类,3
尺度,3
日常生活,3
十天,3
人买,3
不太会,3
华人,3
旋转,3
足足,3
小家伙,3
听到,3
视觉效果,3
摊位,3
这船,3
番茄酱,3
35,3
公平,3
两项,3
比赛,3
延迟,3
准确,3
马马虎虎,3
礼遇,3
公众,3
理由,3
快点,3
两大,3
人多时,3
职业,3
间隙,3
有次,3
第一晚,3
超凡,3
36,3
第四,3
鞋,3
袜子,3
一站式,3
1600,3
集合,3
局限,3
八月,3
主推,3
擦,3
三人房,3
挺舒服,3
影片,3
11.99,3
责任,3
航速,3
high,3
缺乏,3
收钱,3
两张,3
刷,3
其他人,3
滑,3
楼下,3
出色,3
鸭,3
定时,3
运动鞋,3
袜,3
薄,3
戴,3
专柜,3
解决问题,3
脚,3
对讲机,3
地上,3
睁开,3
伤害,3
稍稍,3
可圈可点,3
前年,3
伺候,3
保安,3
冷淡,3
不及,3
被迫,3
一年,3
太紧张,3
至极,3
旧,3
八,3
升级版,3
庞大,3
满脸,3
特卖会,3
解答,3
孙子,3
跪,3
以往,3
十点,3
打架,3
更改,3
中外,3
创新,3
民族,3
更大,3
程,3
醒,3
N,3
太仓促,3
纸巾,3
画面,3
婴儿,3
一件,3
梳妆台,3
警局,3
块钱,3
根本就是,3
轮流,3
挤满,3
形容,3
下咽,3
叫车,3
维修,3
录像,3
烧,3
X,3
性质,3
羊排,3
难受,3
喝酒,3
折合,3
一脸,3
逼,3
飞,3
登记,3
划,3
一副,3
最低,3
不送,3
计算,3
whole,3
journey,3
how,3
ship,3
by,3
mom,3
d,3
like,3
mention,3
no,3
but,3
had,3
day,3
time,3
as,3
service,3
our,3
door,3
喧闹,3
值得称赞,3
保洁,3
传统,3
围观,3
可谓,3
墙,3
船只,3
广播,3
一盘,3
切片,3
统一,3
悦音,3
面前,3
车程,3
反感,3
遭遇,3
弹,3
高价,3
赚,3
牙具,3
那家,3
暴雨,3
小黑,3
包,3
不太多,3
一排,3
港,3
探索,3
有好有坏,3
开关,3
穷人,3
挑战,3
仿佛,3
落差,3
请问,3
不快,3
平均,3
供应商,3
损失,3
必看,3
不长,3
一眼,3
女士,3
定制,3
程序,3
输入,3
到岸,3
合算,3
名气,3
旅行团,3
里边,3
funny,3
bones,3
毛,3
预算,3
一项,3
规划,3
一台,3
代班,3
很重,3
收盘,3
旺季,3
郵輪,3
圈,3
冷漠,3
刁难,3
抽查,3
答应,3
塌,3
医生,3
看得,3
远远,3
一贯,3
永远,3
粗糙,3
音乐剧,3
山竹,3
忙乱,3
无序,3
翻些,3
保证质量,3
吸睛,3
储物,3
开阔,3
船到,3
考试,3
卫浴,3
片,3
当饭,3
有鱼,3
一成不变,3
两回,3
六岁,3
歪,3
稳定,3
展望,3
食堂,3
中庭,3
喜剧,3
星海,3
人一,3
义无反顾,3
点半均,3
有二场,3
留连忘返,3
频频,3
好吃好喝,3
😭,3
磨合,3
扣款,3
阴雨天,3
柜台,3
高水平,3
稍少,3
会换,3
大戏,3
立奇,3
没空,3
失实,3
2019.12,2
尝尝,2
见长,2
市区,2
直达,2
各个方面,2
相差,2
洗发,2
二合一,2
常有,2
投入,2
目不暇给,2
极佳,2
时间表,2
热情好客,2
顺化,2
皇城,2
异国,2
這次,2
房間,2
與,2
服務,2
排隊,2
整體,2
感覺,2
參加,2
先得,2
第一眼,2
挑不出,2
清晰,2
还算快,2
激光枪,2
轮候,2
刷卡,2
银行,2
清单,2
花费,2
倍,2
门店,2
ensemble,2
nous,2
cours,2
re,2
particuli,2
leur,2
res,2
ê,2
me,2
charge,2
du,2
merci,2
tous,2
多岁,2
姑娘,2
没舍得,2
早午,2
超快,2
双层,2
畅通,2
之苦,2
日期,2
Very,2
Good,2
甜度,2
优于,2
清洁工,2
33,2
过夜,2
樱岛,2
妥当,2
随时随地,2
两层,2
顺序,2
感强,2
看清,2
全貌,2
男女老少,2
y,2
拍个,2
角落,2
WI,2
FI,2
国际漫游,2
网,2
70%,2
多天,2
爆棚,2
恋恋不舍,2
爵士乐,2
四人,2
去一趟,2
前去,2
一地,2
B,2
步,2
运动量,2
小说,2
像片,2
超市,2
这块,2
51,2
用户,2
高区,2
就订,2
试一下,2
完整,2
随处可见,2
意见,2
好太多,2
34,2
相比之下,2
再点,2
承认,2
杜绝,2
必备,2
定金,2
流水,2
塔,2
一股,2
直连,2
船模,2
受伤,2
hello,2
送进来,2
太宰,2
府,2
小店,2
就够,2
叮嘱,2
比小,2
俯视,2
人来,2
想来,2
一辆,2
灿烂,2
💰,2
味儿,2
太重,2
情绪,2
盘子,2
几圈,2
老婆,2
略胜一筹,2
😍,2
在家,2
🏀,2
⚽,2
互相联系,2
高管,2
大相径庭,2
会议,2
携,2
优质服务,2
二十分钟,2
关联,2
第一场,2
入场,2
理会,2
排起,2
五点,2
冬阴功,2
柳,2
开开心心,2
美妆店,2
第二场,2
嘉宾,2
提早到,2
蹦迪,2
承受,2
舒舒服服,2
浄,2
南亚,2
礼,2
说真的,2
人不多,2
返程,2
偶遇,2
稳稳,2
前行,2
安全感,2
再游,2
一进,2
谢谢你们,2
辛勤,2
腿脚,2
海况,2
整整,2
气,2
卫生条件,2
夹板,2
撞,2
领着,2
穿过,2
自顾自,2
接电话,2
小苹果,2
分到,2
飞虫,2
阳台门,2
折小,2
号会,2
嬉,2
课,2
城,2
蓝宝石,2
赞不绝口,2
亲戚,2
J4,2
上瘾,2
这班,2
船期,2
一个半,2
多带,2
一层,2
航期,2
难免,2
麻辣烫,2
自我,2
封闭,2
油轮,2
无愧,2
第一件,2
问候,2
有礼,2
演技,2
高雅,2
加油,2
大出血,2
咔,2
一班,2
￣,2
待人,2
选到,2
稳当,2
盒饭,2
礼品,2
年迈,2
堵车,2
枫叶,2
行程表,2
👌,2
件,2
签证,2
团员,2
金卡房,2
不介意,2
八五折,2
132,2
天神,2
乘着,2
资源,2
欧式,2
回房,2
持续,2
频道,2
整天,2
再长,2
最早,2
9.9,2
再订,2
涨价,2
省去,2
尽责,2
值回,2
上乘,2
船游,2
自营,2
无力,2
乐在其中,2
船仓,2
咯吱咯吱,2
头顶,2
一段,2
因素,2
截止,2
打打,2
唱歌跳舞,2
最贵,2
非凡,2
不差,2
供不应求,2
23,2
万吨,2
层有,2
第四次,2
打仗,2
不全,2
一百多,2
汤面,2
亲友们,2
日程安排,2
制止,2
以防,2
异味,2
餐前,2
性,2
老师,2
寂寞,2
雪,2
碧,2
坊,2
登陆,2
差钱,2
一到,2
四周,2
款,2
谱,2
高质量,2
光线,2
内舱,2
中老年,2
喝咖啡,2
定下,2
干干净净,2
带回,2
玩游戏,2
凑热闹,2
好几斤,2
增值,2
寄,2
点前,2
每样,2
狗店,2
℃,2
老同志,2
眼界,2
网红,2
星巴克,2
天下,2
办完,2
协助,2
出乎,2
八十多岁,2
服务设施,2
玩好,2
奈何,2
上床,2
季,2
训练,2
城堡,2
一顿饭,2
并不多,2
月底,2
车子,2
小事,2
我花,2
几间,2
85,2
火车站,2
一望无际,2
太美,2
商业街,2
国籍,2
如愿,2
咸,2
哼哼,2
次数,2
歌诗,2
颜色,2
消耗,2
大同小异,2
亲友,2
爷叔,2
介意,2
寒酸,2
进一步提高,2
价值,2
往后,2
引入,2
吃火锅,2
好面,2
茶道,2
女人,2
闪亮,2
炫酷,2
带到,2
展示,2
威力,2
浓郁,2
12K,2
全息,2
投影,2
声光,2
混,2
搭,2
居住,2
指南,2
饕餮,2
再会,2
首里城,2
不亏,2
可玩性,2
泳裤,2
无与伦比,2
软,2
腰疼,2
平常,2
太多人,2
赏心悦目,2
上佳,2
结论,2
偏咸,2
3D,2
走进,2
运力,2
入口,2
另一头,2
制造,2
车辆,2
堵,2
鬼,2
拥堵,2
远不如,2
散步,2
先订,2
观望,2
老少咸宜,2
出国,2
出品,2
胜过,2
规模,2
约束,2
u,2
​,2
祝,2
游艺,2
全靠,2
胆量,2
忽悠,2
神户,2
狗,2
斤,2
爆炸,2
不在话下,2
晶莹,2
一同,2
双人间,2
实物,2
中年人,2
长辈,2
淘宝,2
减肥,2
特价,2
较慢,2
环境优美,2
服務人員,2
務,2
壞,2
尷尬,2
Spectrum,2
游走,2
🈶,2
🇳,2
孝道,2
学做,2
略贵,2
盎司,2
多达,2
体贴,2
点亮,2
只住,2
抽屉,2
无限量,2
费力,2
体感,2
当成,2
总得,2
支付,2
上能,2
累人,2
应,2
多样性,2
集,2
🎉,2
走廊,2
很嫩,2
尚可,2
还会选,2
半左右,2
窗帘,2
第一顿,2
一门,2
心事,2
分层,2
周年,2
夫妻,2
专场,2
折纸,2
客户资料,2
提交,2
审查,2
无缝,2
细分,2
更具,2
带你去,2
幸福快乐,2
玩具,2
抽水马桶,2
荣幸,2
这类,2
全价,2
停至,2
入座,2
寄存,2
食,2
巴士,2
意义,2
作用,2
漫游,2
超人,2
流量,2
宰,2
多样化,2
感官,2
味蕾,2
私享,2
梦幻,2
蓝色,2
进货,2
渠道,2
臻,2
贵有,2
自主,2
少有,2
环保,2
金卡有,2
香榭,2
丽台,2
溜,2
92,2
家庭聚会,2
金,2
老奶奶,2
家庭成员,2
音乐会,2
品类,2
就别,2
买药,2
转转,2
假日,2
一日三餐,2
事儿,2
一下下,2
86,2
走走,2
表现,2
玩累,2
吃素,2
切换,2
两间房,2
纠结,2
预先,2
名副其实,2
吃饭时间,2
买贵,2
周,2
experience,2
from,2
more,2
期待已久,2
搜,2
五味杂陈,2
回味,2
齐备,2
枕头,2
派,2
动,2
头晕,2
痛苦,2
寻,2
和蔼可亲,2
擦肩而过,2
孙,2
金粉,2
思考,2
要赞,2
刻板,2
原创,2
开眼界,2
各式各样,2
售价,2
当作,2
太好,2
晃得,2
胖子,2
站不稳,2
领先,2
索性,2
椅子,2
片刻,2
听听,2
沸腾,2
暂时,2
银卡臻享,2
泡个,2
走走看看,2
跳个,2
领略,2
十年,2
一大堆,2
三流,2
豆腐,2
形同虚设,2
一看,2
知名,2
嘴,2
自助游,2
讲座,2
最火,2
天空,2
一粒,2
感慨,2
强大,2
尊重,2
最舒服,2
灰尘,2
篮球场,2
十一点,2
看似,2
体系,2
信心,2
按钮,2
好于,2
池子,2
我带,2
翻译器,2
大上,2
比前,2
味美,2
报名,2
懂点,2
敞开,2
调节,2
责任心,2
画画,2
数独,2
睡懒觉,2
去主,2
错误,2
😅,2
推销员,2
节假日,2
覆盖,2
趣味,2
问答,2
周边,2
事项,2
挂号费,2
参与度,2
蛤蜊,2
旅游景点,2
世外桃源,2
专业培训,2
买到,2
接触,2
无表情,2
80%,2
粉丝,2
惊讶,2
甜筒,2
偏高,2
充电,2
眼,2
三眼,2
转换器,2
慎选,2
神乎其神,2
800,2
架,2
很暖心,2
很为,2
转播,2
养眼,2
房住,2
地域,2
歧视,2
喊,2
瑞士,2
表,2
断,2
用到,2
投资,2
选了,2
立新,2
领导,2
包场,2
＄,2
趣味性,2
姐姐,2
增长,2
ps,2
睡不着,2
白粥,2
逃难,2
女主唱,2
选唱,2
每首歌,2
体育项目,2
疯,2
有钱人,2
顿顿,2
心理准备,2
C,2
只管,2
一般性,2
咖啡屋,2
游艇,2
几斤,2
堪比,2
view,2
露台,2
尚未,2
甩,2
提个,2
无线网,2
出乎意料,2
我报,2
德国,2
多个,2
记住,2
以肉,2
观念,2
入味,2
前会,2
没人来,2
设备齐全,2
坐电梯,2
查理,2
醒来,2
10.1,2
比内,2
看中,2
睡睡觉,2
猩猩,2
标准化,2
挺累,2
精心安排,2
广,2
感觉良好,2
蓝天白云,2
考究,2
领域,2
光脚,2
脚板,2
见面会,2
招呼,2
即兴,2
小船,2
误会,2
值班,2
宋先生,2
给出,2
取回,2
增添,2
世界级,2
专员,2
玫瑰,2
没玩成,2
扣除,2
驳车,2
听歌,2
房是,2
索伦托,2
补给,2
电子,2
晚会,2
大象,2
没劲,2
价格比,2
新开,2
稍差,2
增强,2
欧,2
西点,2
古典音乐,2
余辉,2
兄弟姐妹,2
光临,2
购,2
期望,2
家里人,2
💁,2
每家,2
轮换,2
卫生状况,2
辣子鸡,2
做成,2
不太对,2
逛街,2
坐飞机,2
婆婆,2
多路,2
早晨,2
水里,2
芝士,2
放到,2
😜,2
冲着,2
抱怨,2
烟火,2
看成,2
纯属,2
凑,2
大点,2
而主,2
西方,2
软硬件,2
致电,2
解说,2
前一晚,2
上主,2
🍴,2
二点,2
脱团,2
玩过,2
意料之中,2
二人,2
幼儿,2
高层,2
落地窗,2
阶段,2
含量,2
越做越,2
年度,2
舞池,2
人才,2
人有,2
几小时,2
失败,2
船有,2
味道不好,2
加勒比海,2
48,2
眼球,2
管理人员,2
各色,2
色,2
听懂,2
海里,2
皆,2
边际,2
宇宙,2
机智,2
地球,2
此刻,2
生命,2
预想,2
电脑,2
人住,2
爱喝,2
没关系,2
开餐,2
金银,2
教会,2
羽毛球,2
夜里,2
蒸,2
看不见,2
美的,2
出租车,2
相当于,2
上桌,2
透明,2
桥,2
船身,2
礼服,2
泡澡,2
👏,2
九天,2
换算,2
全英文,2
杂耍,2
圆桌,2
可点,2
不相称,2
急需,2
演职人员,2
相对来说,2
威尼斯,2
闻名,2
屋里,2
点个,2
无线网络,2
62,2
小姐,2
管理水平,2
分成,2
亲和力,2
负担,2
球类,2
全天,2
明月,2
深度,2
肥皂,2
餐桌,2
赢,2
不管怎么,2
鸡柳,2
T,2
住院,2
礼仪,2
残障,2
坐轮椅,2
拼桌,2
拼成,2
该船,2
务必,2
六顿,2
啥意思,2
兑水,2
必玩,2
240,2
乏善可陈,2
时代,2
概率,2
不多,2
国内航线,2
措施,2
很足,2
张,2
好少,2
尚,2
耽误,2
服务水平,2
观看表演,2
订房间,2
随机,2
停车,2
富丽堂皇,2
iFLY,2
135,2
另付,2
橙子,2
口音,2
沉浸,2
特效,2
机械,2
大长,2
失误,2
分辨率,2
清,2
三条,2
随身携带,2
早起,2
降低,2
多家,2
多名,2
乐,2
温柔,2
订票,2
太咸,2
男生,2
含酒精,2
淋浴房,2
没人管,2
中华街,2
药品,2
很早,2
留,2
保险箱,2
营销,2
19.9,2
纯净水,2
点播,2
点错,2
我会,2
秩序井然,2
居民,2
载客,2
348,2
41,2
边有,2
零食,2
带进去,2
球鞋,2
室内外,2
摔倒,2
阻挡,2
纽约,2
定个,2
批次,2
爆米花,2
电视机,2
平衡,2
晕车,2
牛羊肉,2
唱的歌,2
看一看,2
要贵,2
玩完,2
•,2
借用,2
短裙,2
膝,2
绚丽,2
艺术家,2
利奇马,2
巨轮,2
亲,2
礼物,2
多钱,2
离场,2
时才,2
进店,2
看着办,2
已有,2
熔岩,2
第一印象,2
多余,2
别致,2
木有,2
预计,2
祖国,2
超长,2
提下,2
热烈,2
二刷,2
海边,2
应有,2
差异,2
蛋炒饭,2
厌烦,2
21,2
年龄阶段,2
套路,2
爆满,2
抽,2
发展,2
励志,2
一两个,2
不通,2
😉,2
🤗,2
爆,2
管饱,2
告一段落,2
好运,2
流连,2
岛津,2
院子,2
靠山,2
面海,2
观樱岛,2
赶巧,2
岛,2
火山灰,2
留念,2
爷孙,2
飞逝,2
保留节目,2
江南style,2
5200,2
求生欲,2
关西,2
北海道,2
口语,2
冲锋衣,2
昂贵,2
散,2
check,2
单身,2
问过,2
误差,2
没洗,2
地导,2
要死,2
素养,2
偏差,2
标志,2
走散,2
外观,2
起居,2
对外,2
口号,2
缩小,2
单人间,2
前方,2
不悦,2
皮肤,2
偏黑,2
巴基斯坦,2
谄媚,2
样儿,2
令人厌恶,2
口碑,2
刚到,2
上传,2
过关,2
过道,2
对主,2
表演者,2
享有,2
兑现,2
凶,2
爷爷,2
舔,2
普通舱,2
高额,2
❗,2
试问,2
沒有,2
合,2
重,2
犹如,2
干什么,2
泰式,2
名不副实,2
海米,2
风吹,2
掉下来,2
观,2
蔚为壮观,2
三文鱼,2
老虎机,2
烧出来,2
一肚子气,2
看得出,2
切得,2
不尽人意,2
赔,2
变更,2
相互,2
里外,2
有心,2
少年,2
观剧,2
兵,2
这方面,2
西方人,2
房屋,2
受过,2
掌声,2
过生日,2
珍贵,2
率,2
感冒,2
房里,2
川菜馆,2
葡萄酒,2
很窄,2
太过,2
最深,2
精神,2
敷衍了事,2
负责人,2
一尾,2
从来不,2
會,2
轻,2
硬生生,2
劣质,2
嘎吱,2
休息室,2
追赶,2
掉队,2
句,2
补,2
催,2
等于,2
最起码,2
吃不上,2
摆设,2
理赔,2
倒霉,2
骗人,2
动手,2
菜场,2
别提,2
一分钟,2
地板,2
排长龙,2
这帮,2
改成,2
扣费,2
真不知道,2
霸占,2
出面,2
起飞,2
七晚,2
游差,2
提前准备,2
肠胃,2
USB,2
情境,2
比划,2
茶几,2
金卡套,2
上银卡,2
热水澡,2
躺躺,2
拿餐,2
共计,2
真贵,2
想法,2
两杯,2
55,2
脑子,2
懵,2
好听,2
500,2
怼,2
专用,2
歌名,2
怀疑,2
大够,2
疑问,2
speaking,2
after,2
trip,2
can,2
splendid,2
were,2
which,2
amp,2
dining,2
on,2
off,2
Nagasaki,2
two,2
made,2
Rose,2
guests,2
lunch,2
didn,2
should,2
kitchen,2
needs,2
serve,2
ppl,2
although,2
cleaning,2
tag,2
00am,2
till,2
he,2
害,2
催促,2
低俗,2
动作,2
段子,2
勤劳,2
娱乐性,2
差太多,2
廉价,2
火锅店,2
用车,2
要钱,2
几句,2
调查,2
几千个,2
福音,2
星星,2
碗面,2
食宿,2
宽,2
好友,2
浪漫,2
查不到,2
高铁,2
游太差,2
十几分钟,2
⛵,2
限流,2
分割线,2
创意,2
响,2
情侣,2
😌,2
敲,2
黑板,2
发言权,2
常规,2
交涉,2
月饼,2
瓶水,2
信,2
bye,2
一生,2
青岛,2
啤酒,2
水煮,2
肉块,2
消失,2
颠覆,2
不玩,2
餐巾纸,2
影院,2
减轻,2
凑合,2
没去,2
交,2
样,2
踩,2
看吧,2
更何况,2
笑咪咪,2
连接,2
回头,2
悲哀,2
88,2
三层,2
高出,2
讨厌,2
回过,2
最小,2
刺身,2
买一送一,2
在意,2
方案,2
⋯,2
讲讲,2
奥利弗,2
透过,2
落地,2
赘述,2
小伙子,2
叠成,2
免洗,2
洗手液,2
小吃摊,2
差远了,2
精彩表演,2
咯,2
三种,2
赶走,2
三间,2
女性,2
甲班,2
掏钱,2
腻歪,2
相比而言,2
缠,2
缺陷,2
率太高,2
有失,2
身份,2
安抚,2
噱头,2
买点,2
卖东西,2
那得,2
爱好,2
扶,2
多元,2
且餐,2
类不多,2
抵消,2
管控,2
搞不清,2
一堆,2
送来,2
电视节目,2
缩短,2
去掉,2
拓展,2
深深地,2
泡泡,2
取餐,2
所有人,2
退费,2
的士,2
始终保持,2
近距离,2
准点,2
看不懂,2
纷纷,2
录下来,2
别家,2
能值,2
赔偿,2
杠杠,2
四川,2
调制,2
携老带,2
睡睡,2
逗留,2
稍后,2
猪肉,2
热饮,2
喝完,2
隔壁,2
划船,2
高空,2
心愿,2
总算,2
场面,2
三四千,2
问问,2
有名,2
侠,2
静静的,2
利用,2
饰品,2
刻意,2
「,2
首推,2
约定,2
幸亏,2
两小,2
三场,2
dfs,2
彩虹,2
Wifi,2
消磨,2
期望值,2
多种多样,2
巨无霸,2
上会,2
高声,2
呼唤,2
协调,2
权利,2
忽略,2
全满,2
宣传册,2
✨,2
吃玩,2
轮,2
乾淨,2
休息时间,2
确保,2
=,2
配比,2
Oliver,2
批评,2
业界,2
良心,2
游泳圈,2
欺骗,2
坍塌,2
菜市场,2
堪忧,2
快捷酒店,2
花钱买,2
顶楼,2
好不容易,2
看图,2
乐不思蜀,2
两遍,2
设定,2
优良,2
置身其中,2
笑容满面,2
應該,2
相當,2
迷你,2
情愿,2
塑料,2
目前为止,2
最要,2
亲民,2
翻译,2
螃蟹,2
银行卡,2
变色,2
宝石,2
讽刺,2
底下,2
洗澡水,2
避风塘,2
就餐者,2
拦,2
当初,2
中方,2
优,2
全套,2
▀,2
一部分,2
好转,2
吃不饱,2
看书,2
🏃,2
不给力,2
献给,2
油条,2
声光电,2
精湛,2
很全,2
可怕,2
出人意料,2
感情,2
众口难调,2
记忆,2
贴近,2
新意,2
奇慢,2
兑换,2
蹩脚,2
很爽,2
小学,2
帅哥,2
白人,2
高傲,2
退订,2
loft,2
三口,2
诗达,2
五,2
夜间,2
未能,2
次日,2
不为过,2
成本,2
调料,2
汉斯,2
正逢,2
大大小小,2
举个,2
例子,2
几万块,2
左舷,2
几千人,2
游戏厅,2
五年,2
环境设备,2
精良,2
崩溃,2
贼,2
排不上,2
深,2
换人,2
男士,2
大姐,2
叔叔,2
无关,2
低头,2
我选,2
兔子,2
船卡,2
城山,2
赌厅,2
改动,2
同学,2
清净,2
奥德赛,2
弹唱,2
名额,2
餐台,2
猪排,2
下岸,2
一律,2
维持秩序,2
第二个,2
型号,2
老板,2
热菜,2
店铺,2
要算,2
色拉,2
脸色,2
诚意,2
扣钱,2
中餐厅,2
饮食文化,2
医务,2
部门,2
英文版,2
看片,2
着实,2
无缘无故,2
🎼,2
水母,2
细微,2
尊老爱幼,2
可买,2
棉花,2
糖,2
追,2
最长,2
如出一辙,2
船首,2
叫餐,2
O,2
∩,2
阶级,2
划分,2
订到,2
做得好,2
🤩,2
演唱会,2
无尽,2
早中晚,2
🤐,2
😠,2
沙线,2
Jose,2
WANNA,2
仅供参考,2
瀑布,2
之处,2
滿意,2
囗,2
常驻,2
国际性,2
意餐,2
粤菜,2
顾不上,2
电视频道,2
喜闻乐见,2
高品质,2
饭后,2
冲浪板,2
芽庄,2
首次,2
迪拜,2
公仔,2
岘港,1
华南,1
露,1
新体验,1
广州,1
启德,1
优惠活动,1
透气,1
茶包,1
打通,1
上法,1
不惯主,1
方法,1
环球,1
单说,1
干脆,1
贴出来,1
美照,1
发得,1
绝大部分,1
常坐,1
大半天,1
109,1
最能,1
出手,1
望尘莫及,1
銀卡,1
免費,1
錢,1
貨,1
數要,1
減少,1
時間,1
越後面,1
半小時,1
還是,1
較,1
機會會,1
,1
15w,1
无法形容,1
8w,1
丽星,1
各层,1
训练有素,1
分工,1
迎合,1
残疾,1
这条线,1
79,1
会安,1
古城,1
看一,1
·,1
心血管,1
400,1
瓶抗,1
药物,1
2523,1
强烈要求,1
退回,1
Tr,1
beau,1
bateau,1
propre,1
Merci,1
quipage,1
accueil,1
attention,1
que,1
ces,1
membres,1
apport,1
Nous,1
souhaitons,1
remercier,1
plus,1
rement,1
serveuse,1
Kaixin,1
assistant,1
Ramdani,1
professionnalisme,1
leurs,1
attentions,1
sourire,1
m,1
la,1
personne,1
en,1
nettoyage,1
cabine,1
Vinko,1
barman,1
pool,1
desk,1
bon,1
humeur,1
Ils,1
ont,1
grandement,1
particip,1
bien,1
tre,1
Encore,1
esp,1
rons,1
bient,1
ô,1
pouvoir,1
voyager,1
sur,1
une,1
vos,1
prochaines,1
Cordialement,1
杨,1
蓓蓓,1
外籍人士,1
扩展,1
特勤,1
群众性,1
开创,1
一价全,1
包式,1
wifi18,1
设,1
热点,1
冤枉路,1
通信,1
遗留,1
使人,1
奔驰车,1
选天,1
换汤不换药,1
本是,1
奔,1
免签,1
玩够,1
领队人,1
別,1
动脑子,1
鹿,1
🦌,1
铁板,1
一辈子,1
忘不了,1
散散心,1
冬泳,1
觅食,1
小俩口,1
两台,1
没网,1
很多很多,1
细说,1
只下,1
行去,1
吵嘴,1
都行,1
遵守规则,1
舒畅,1
悠闲地,1
这头,1
∨,1
IP,1
兄弟俩,1
老罗,1
小伍,1
摇身一变,1
不宜,1
乐乎,1
I6,1
If,1
失重,1
特爽,1
腰,1
有伤,1
没调,1
一首,1
第二首,1
老龄,1
墙裂,1
长外,1
史彩杰,1
枯燥乏味,1
一名,1
素食者,1
专为,1
特制,1
睡午觉,1
定单,1
分次,1
先对,1
安心,1
一兰,1
寺院,1
园林,1
10000,1
相邻,1
曰,1
态度生硬,1
团里,1
某一人,1
当事人,1
私自,1
娃订,1
订有,1
要立荐,1
一星,1
阻尼,1
杭州,1
太普通,1
风俗习惯,1
民情,1
128,1
客流,1
无谓,1
网速,1
使用率,1
第十次,1
六次,1
市场化,1
各司其职,1
作业,1
阿拉比,1
罗,1
巴斯,1
但头,1
进房,1
烟味,1
特有,1
Larisa,1
装置,1
换种,1
亲子活动,1
两边,1
王欣,1
但会,1
多月,1
室内设计,1
游选,1
388,1
顶尖级,1
文娱,1
大有,1
寒潮,1
四千多,1
金钱,1
lt,1
才刚,1
时空,1
心肠,1
领对,1
阴影,1
处就行,1
各有,1
排球,1
🏐,1
🏎,1
奥,1
发消息,1
极限,1
下滑,1
中华,1
糊弄,1
海外,1
第九次,1
重游,1
九次,1
烤肉,1
烤鸡,1
汤料,1
拆开,1
组装,1
冰露,1
变大,1
变少,1
...........,1
和诺维,1
真号,1
管吃管住,1
晒图,1
从宝,1
只花,1
十五分钟,1
向左走,1
叫绝,1
坐到,1
去往,1
饱餐一顿,1
空都,1
钟头,1
长龙,1
空无一人,1
打包,1
辣辣的,1
香酥鸡,1
轻轻松松,1
两局,1
整场,1
悦音厅,1
爱上,1
届,1
李光洙,1
真绝,1
别订,1
41.2,1
七折,1
周知,1
不感兴趣,1
略过,1
硬道理,1
逞强,1
会手,1
抖,1
脚抖,1
手能,1
酸,1
睡一觉,1
太晕,1
晃悠,1
上定,1
房比,1
周军,1
好大,1
11178,1
💊,1
吐出来,1
第二日,1
那好,1
烂些,1
翻新,1
船务,1
接地,1
人美,1
八代,1
日趋完善,1
待个,1
总的讲,1
有句,1
成语,1
说得好,1
刀头,1
舒惕,1
对滨,1
客发,1
伤口,1
出血,1
示意图,1
下错,1
生活区,1
回三楼,1
心凉,1
粗略,1
结痂,1
躲,1
食量,1
不太忙,1
飞进来,1
内外,1
冻死,1
第七天,1
暖洋洋,1
耐不住,1
智力竞赛,1
挑战赛,1
虽不大,1
干湿,1
分离,1
纯玩,1
樱花,1
订满,1
以西,1
房好,1
同行人,1
太薄,1
看电视,1
夸奖,1
超越,1
节约,1
楼有主,1
喝水,1
铺位,1
大时,1
呼吸,1
新鲜空气,1
麻酱,1
捧腹大笑,1
肚子疼,1
秀比,1
katespade,1
菲,1
拉格,1
慕,1
marcjacobs,1
蒂,1
芙尼,1
停靠在,1
关,1
西线,1
海洋馆,1
五六分钟,1
羽鹤,1
market,1
惨,1
器械,1
憋屈,1
这点儿,1
至上,1
打分,1
文化娱乐,1
单间,1
中国化,1
冲去,1
各方,1
饮食习惯,1
清洁卫生,1
吃力,1
蛮久,1
荷包,1
买卖双方,1
烧包,1
一丝,1
游时,1
蛊惑,1
住院治疗,1
康复,1
收起,1
尽职尽责,1
洗完,1
雾气,1
抽干,1
潮湿,1
排过,1
次队,1
崇洋媚外,1
外省,1
老母,1
价位,1
过儿,1
💗,1
地点,1
27,1
天游,1
我住,1
11229,1
被子,1
周道,1
黎华,1
有赖心,1
照料,1
Vip,1
值得注意,1
交了,1
脱,1
新去,1
囝,1
看岸,1
无轮,1
晃不晃,1
多大,1
晃来晃去,1
cctv4,1
但主,1
规律,1
满打满算,1
打麻将,1
到场,1
发送,1
邮件,1
顶呱呱,1
偕老,1
想用,1
四人住,1
双卫,1
美女,1
稍作,1
爽歪歪,1
养老,1
赶赶,1
Ｎ,1
味道鲜美,1
一日游,1
追求,1
商业化,1
塑料袋,1
戳,1
程行,1
幸福感,1
干燥,1
流,1
鼻血,1
打雷,1
霹过,1
吵醒,1
大胃,1
更显,1
更棒,1
田螺,1
不可抗力,1
陈莉,1
思路清晰,1
做出,1
射,1
开开,1
各种类型,1
划过,1
天际线,1
状,1
胶囊,1
海拔,1
英尺,1
大爱主,1
意式,1
泰国菜,1
款无一,1
剩余,1
楼有,1
打破,1
累累,1
更爽,1
举止,1
纸,1
体育,1
服务性,1
午蹈,1
教授,1
鼓动性,1
海巡,1
满意哦,1
一听,1
300m,1
别去了,1
急急忙忙,1
赌钱,1
经济型,1
付清,1
账目,1
双币,1
前提,1
荒唐,1
结清,1
账离,1
定购,1
开业,1
老老少少,1
起见订,1
徐娅,1
心里有底,1
技艺,1
大饱眼福,1
饭卷,1
十几块,1
优美,1
太赞,1
忙忙碌碌,1
楼先,1
深受,1
男同志,1
不够看,1
船人,1
太多太累,1
体制,1
真香,1
没有勇气,1
世纪,1
最累,1
样可选,1
几餐,1
360,1
吉尼斯世界纪录,1
保持者,1
桌游,1
猪骨,1
大加,1
赞赏,1
10298,1
丁欢,1
接待员,1
李佳,1
1700,1
4800,1
辆,1
办好,1
乐翻天,1
会腻,1
鱼龙混杂,1
密集,1
善于,1
争抢,1
小江,1
惊,1
转战,1
博会,1
调休,1
不愿宅,1
懒得,1
全马,1
六月,1
环,1
径,1
少见多怪,1
并非如此,1
成倍,1
比中籍,1
好得多,1
一不小心,1
只想,1
吃宵夜,1
切实,1
贯彻,1
觉,1
三选二,1
七个,1
细微处,1
使用方便,1
就象,1
美伦美,1
奂,1
CHOPS,1
牛扒,1
四岁,1
六口,1
三号,1
线宝,1
卡壳,1
一天天,1
不解,1
钱定,1
隔开,1
岳父,1
南昌,1
皇宫,1
标准配置,1
购物广场,1
一日,1
四人房,1
步入,1
放上,1
好换,1
群体,1
弄个,1
出发地,1
首府,1
日日,1
晴好,1
26,1
进食,1
太多会,1
底蕴,1
摆在,1
萝卜青菜,1
各有所爱,1
半潜,1
珊瑚,1
按键,1
不灵,1
以内,1
摄入,1
无法控制,1
家族,1
友朋,1
聚会,1
图个,1
看云,1
可控因素,1
冷水,1
租用,1
一如,1
即往,1
多切,1
货真价实,1
宽大,1
带窗,1
艺术性,1
观尝,1
零乱,1
岛上,1
岸,1
写字台,1
多元化,1
有味,1
边戏,1
水边,1
茗,1
品畅,1
泡吧,1
抗拒,1
美妙绝伦,1
歌声,1
灯光效果,1
复古,1
俏皮,1
情景,1
参演,1
魔幻,1
耳目一新,1
玻璃幕墙,1
这场,1
波斯,1
罗马,1
数码,1
造势,1
神奇,1
回顾,1
很深,1
尽享,1
王导,1
有加,1
好几遍,1
会帮,1
分三楼,1
点份,1
变吃边,1
满多,1
百货公司,1
一段时间,1
汤类,1
分是,1
睡硬点,1
各种各样,1
小节目,1
还教,1
健身操,1
百分之七十,1
会选,1
饿肚子,1
赶着,1
退脚,1
推行,1
氛,1
人流量,1
物资,1
算好,1
备感,1
备有,1
海是,1
结尾,1
不相上下,1
远超,1
同系,1
拿光,1
定里,1
亮,1
瞎了眼,1
振,1
椅背,1
层次感,1
群,1
零点,1
港方,1
严重不足,1
候车厅,1
扑出来,1
多花钱,1
堆,1
远离,1
大热天,1
下雨天,1
客点,1
收费处,1
差头,1
扫描,1
扫错,1
入境,1
需不需要,1
当心,1
开动,1
必贵,1
下单,1
旅友,1
聊起,1
发现自己,1
单贵,1
为难,1
叹息,1
美观大方,1
四夜,1
银卡故,1
现,1
当人,1
打消,1
映入眼帘,1
采用,1
sandip,1
huibo,1
订桌,1
有缘,1
试一试,1
几百,1
上级,1
轻松自由,1
一眨眼,1
没多久,1
六千多,1
一千六百,1
咸淡,1
邮輪,1
各档,1
溜溜,1
伴随,1
协议,1
music,1
范儿,1
上档次,1
踏轮,1
之行,1
🤣,1
各款,1
寸步难行,1
超会,1
超贵,1
烦成,1
这长,1
几十句,1
没逛,1
正中,1
吃会,1
单后,1
更广,1
色味来,1
通透,1
局促,1
铺开,1
好几,1
everything,1
套票,1
仓,1
赶饭,1
吋,1
候有,1
镨,1
告别仪式,1
餐只,1
先吐槽,1
浮动,1
临行,1
稀饭,1
清收,1
一桌,1
再带,1
满满当当,1
爹妈,1
盡責,1
他們,1
全心投入,1
和服,1
公用,1
廁門鎖,1
走光,1
女廁,1
廁所的門,1
大半,1
沒法,1
鎖門,1
廁中,1
衝進,1
正行性,1
欠,1
可看性,1
seas,1
casinos,1
日月星辰,1
際,1
有闲,1
孝心,1
子女,1
支持,1
🇨,1
传承,1
源远流长,1
无量,1
从头到尾,1
玩不腻,1
牛要,1
大打折扣,1
平地上,1
没多大,1
力求,1
过境,1
衣橱,1
肉包子,1
钱花,1
几道菜,1
半熟,1
鲜嫩,1
咬起来,1
寿司,1
乒乓球桌,1
航海,1
热情洋溢,1
突飞猛进,1
对答如流,1
世外,1
信赖,1
来过,1
摄影师,1
那次,1
日用品,1
心脏,1
可行性,1
北京,1
舍近求远,1
天津,1
得意,1
🛋,1
中西合并,1
吃滴,1
老好,1
相遇,1
一比,1
放大,1
配得,1
名声,1
再大,1
我开,1
车放,1
滑行,1
开过,1
开成,1
船貌,1
邮电,1
悦耳,1
动听,1
赶早,1
赶晚,1
感是,1
收纳,1
会来,1
比较简单,1
叭,1
清淡,1
拿点,1
心太黑,1
回本,1
十几,1
桶,1
心疼,1
都备,1
失联,1
耳根清净,1
近十年,1
管理方,1
不需,1
操,1
没以,1
无趣,1
这天,1
金婚,1
🎂,1
插上,1
蜡烛,1
祝福歌,1
大卫,1
邀请,1
公公,1
上台,1
晚床,1
抛开,1
楼去,1
某胜客,1
一连几天,1
报道,1
资格,1
三遍,1
局面,1
仔细阅读,1
旅游团,1
导游小姐,1
一两百,1
很合,1
那点,1
往外面,1
依依不舍,1
母女,1
南半球,1
长途,1
没电,1
清晨,1
前后左右,1
抽水,1
声,1
惊醒,1
年半前,1
大西洋,1
见证,1
机构,1
更大容客,1
大些,1
实战,1
写些,1
249,1
租赁,1
驶至,1
Check,1
in,1
点后,1
会少,1
早些,1
值不值,1
避坑,1
包日,1
套银卡,1
半点,1
多且,1
人头,1
原话,1
眼中,1
对象,1
肆意,1
放纵,1
狂想曲,1
麦片,1
严查,1
邮汇,1
妥善,1
vvip,1
每份,1
玻璃房,1
嗮,1
华美,1
瓶装,1
按压,1
无可厚非,1
场人,1
池是,1
点有,1
洋酒,1
没上,1
无亮点,1
手举,1
共用,1
驻唱,1
絏,1
榭,1
丽,1
无微不至,1
小伙,1
彭,1
激动人心,1
宴会,1
金榭丽,1
担当,1
總體,1
素質,1
飯,1
這樣,1
這是,1
敗筆,1
設施,1
對,1
於,1
不大會,1
體驗過,1
一回,1
就夠,1
謝謝,1
光譜號,1
人員,1
感謝,1
協程,1
導遊,1
貼,1
心服,1
三斤,1
正合适,1
食材用,1
以次充好,1
己经,1
没少,1
罗森,1
药店,1
以药,1
o,1
回事,1
令人难忘,1
大大的,1
有意识,1
小而脏,1
床具,1
床下,1
重中之重,1
去处,1
布景,1
越久,1
刘姥姥,1
大观园,1
就己,1
尖叫,1
老太太,1
食物残渣,1
银幕,1
早晚都会,1
有窗,1
少去,1
体检,1
慢远,1
悠闲自在,1
污染,1
早定,1
特惠,1
困扰,1
付给,1
申请,1
屁事,1
接到,1
同级,1
船大且,1
DHA,1
深海鱼,1
油,1
军人,1
重复性,1
太强,1
欠佳,1
咬不动,1
拄,1
拐杖,1
会差,1
昏睡,1
云图,1
For,1
most,1
part,1
Except,1
price,1
ctrip,1
is,1
bit,1
expensive,1
than,1
agencies,1
does,1
include,1
gratuity,1
好耍,1
差别性,1
唯,1
泡持,1
买金卡,1
脸带,1
忙碌,1
问好,1
亮丽,1
力不从心,1
画上,1
句号,1
回想,1
五夜,1
备品,1
多用,1
海贝,1
斯,1
剧烈,1
昏昏沉沉,1
忍受,1
拥挤不堪,1
餐单,1
深刻印象,1
精细化,1
尽量减少,1
安全性,1
理念,1
张红芳,1
当今,1
头牌,1
Hosel,1
不不饿,1
有何,1
喝粥,1
比萨,1
小站,1
开到,1
人大,1
呼,1
群魔乱舞,1
直呼,1
同类,1
聊天工具,1
不借,1
找人,1
大受,1
横风,1
横向,1
180,1
错时,1
多餐,1
充分发挥,1
交错,1
家中,1
惊叹,1
卓越,1
checkin,1
较长,1
硬,1
何不,1
思绪,1
这份,1
扭扭,1
抛弃,1
宁静,1
时刻表,1
⏰,1
时差,1
各有千秋,1
Cafe,1
领位,1
解馋,1
微风,1
启蒙,1
制,1
一分货,1
单方面,1
各执一词,1
踢皮球,1
消费者,1
无从,1
考证,1
第三方,1
越棒,1
心灵,1
称作,1
国民,1
劣根性,1
饥荒,1
刚跑,1
吃掉,1
光凭,1
下跌,1
30%,1
预料到,1
优惠价,1
增汤,1
冲泡,1
端上来,1
铺垫,1
坐车,1
营业员,1
没商量,1
爆款,1
佩服,1
90%,1
隐藏,1
海域,1
海挺,1
妈,1
䬸,1
相见,1
🧳,1
几晚,1
態度,1
帶,1
爸媽,1
還擔,1
暈船,1
買,1
暈船藥,1
結果,1
老媽,1
平穩,1
一樣,1
開心,1
一楼,1
财务管理,1
宽容,1
观影,1
物质,1
吃得住,1
胡吃海塞,1
消化不良,1
想必,1
气死,1
手感,1
全无,1
八点半,1
占用,1
能供,1
可气,1
踢球,1
赶出来,1
本职工作,1
花里胡哨,1
圈钱,1
舍本逐末,1
胖有,1
水流,1
胜似,1
亲人,1
一丝不苟,1
班次,1
一两年,1
回购,1
行不跟团,1
汉字,1
局部,1
舒适感,1
一大批,1
全部都是,1
钻石,1
我房,1
普通话,1
别带,1
祈望,1
总在,1
小肖,1
挺強,1
下棋,1
教程,1
再不然,1
络绎不绝,1
玩晚,1
happy,1
睡醒,1
畅快,1
想乐活,1
逃离,1
办网,1
十一,1
节前,1
青年人,1
Vegas,1
赶脚,1
一玩,1
中籍,1
海底,1
捞,1
零晨,1
射剑,1
拉丁舞,1
牛仔,1
仓位,1
太远,1
不厌,1
备好,1
积食,1
感应,1
冲洗,1
手动,1
粉面,1
先看,1
极少数人,1
红烧肉,1
扇贝,1
青菜,1
数不清,1
上住,1
青草,1
有如,1
有近,1
壮阔,1
心怡,1
60%,1
过往,1
板,1
面孔,1
科学实验,1
做做,1
筐,1
太甜面,1
嘀咕,1
当面,1
背着,1
议论,1
怎么回事,1
凭心,1
没重,1
扎实,1
认知,1
天来,1
碰运气,1
敞开供应,1
每块,1
两片,1
切薄,1
奶油,1
水分,1
全天候,1
长条,1
偏软,1
舒坦,1
usb,1
接口,1
插头,1
直,1
圆头,1
插口,1
吹得,1
里订,1
不幸,1
你订,1
台及,1
附赠,1
会晕,1
抵挡不住,1
偏爱,1
少费,1
更高,1
提取,1
风,1
大浪,1
转角处,1
袋,1
住客,1
双床,1
座便器,1
排污,1
灵敏,1
枱,1
演得,1
蛇,1
柔软,1
功夫,1
长假,1
庆典,1
误,1
直播,1
缺憾,1
攀爬,1
时能,1
列出,1
里主,1
肉多,1
WF,1
可选择性,1
成分,1
吧台,1
中文名,1
friend,1
🦞,1
清蒸,1
鲈鱼,1
好晕,1
亿美金,1
要定,1
省掉,1
层金榭丽,1
观景台,1
最令,1
包房,1
雅致,1
预留,1
酷炫,1
期待值,1
略逊一筹,1
很正,1
咖道,1
物语,1
买过,1
逍遥,1
金卡能,1
很感兴趣,1
2.5,1
长卷发,1
两日,1
狂风,1
呼啸,1
这酸爽,1
跟随,1
歌单,1
八岁,1
一会儿,1
船像,1
难民,1
执行,1
物无所值,1
上帝,1
得市,1
必去,1
重量级,1
演变成,1
货色,1
市民,1
做过,1
胡吃海喝,1
船在动,1
酸奶,1
84,1
廁所,1
水槽,1
馒头,1
没算,1
多交,1
三千,1
自驾,1
好车,1
过桥,1
指示,1
赶来赶去,1
坐上来,1
人满,1
淋着,1
跑过来,1
冒出来,1
手里,1
拎,1
纸袋子,1
淋,1
破,1
洒,1
不理,1
执意,1
很气,1
车是,1
送去,1
感触,1
方是,1
儿童活动,1
太闷,1
稍逊,1
披沙屋,1
消,1
消食,1
奶,1
远航,1
可比性,1
湿润,1
乘风,1
驶过,1
远去,1
波涛,1
借着,1
依稀可见,1
翻滚,1
白沫,1
孩童,1
一两项,1
match,1
均衡,1
通行,1
点人赞,1
文艺表演,1
故事情节,1
能配,1
太多太挤,1
太花,1
七千,1
游稍,1
显,1
飲食,1
邀友,1
内仓,1
不断完善,1
差多,1
想当年,1
大龙虾,1
搜船,1
粉粉,1
女孩儿,1
玩偶,1
科学,1
能装,1
表现力,1
一对,1
舞蹈演员,1
烘培,1
跳得,1
分前,1
要会,1
不看,1
客户服务,1
送过来,1
大大降低,1
毁,1
做工,1
精细,1
倒头,1
入睡,1
低烧,1
飞起,1
姑妈,1
姑父,1
设身处地,1
船速,1
加快,1
避风,1
纬度,1
危险,1
仓大,1
节日,1
邱林,1
之大,1
强求,1
极个别,1
固有,1
更少晃,1
二种,1
行动不便,1
单调枯燥,1
看法,1
捧,1
服务文明,1
老幼,1
含金量,1
私密性,1
小娃,1
泰国,1
寻宝,1
地名,1
丝带,1
更能,1
亲临,1
千挑万选,1
领券,1
给我发,1
得知,1
天都,1
关掉,1
号线宝,1
太早,1
坐短,1
帐篷,1
面临,1
室外运动,1
蛋筒,1
楼悦,1
演唱,1
美容中心,1
悬空,1
晚折,1
小狗,1
磁条,1
请勿打扰,1
信箱,1
核对,1
会放,1
明日,1
基围,1
价格昂贵,1
缘故,1
非正常,1
邮输,1
侍,1
熟练,1
認真,1
教养,1
倒位,1
洁净,1
有家,1
多种类型,1
营养,1
青睐,1
范围广,1
轻音乐,1
旭日东升,1
监天,1
白云,1
星月,1
洒落,1
七人,1
共渡,1
一应,1
最有,1
♂,1
米粉,1
浇头,1
差些,1
火候,1
明朗,1
护肤品,1
缺货,1
小镇,1
唱唱,1
男人,1
还分,1
高血压,1
不愿,1
愈来愈,1
越来越少,1
太对,1
温和,1
演,1
老中青,1
路标,1
初次,1
面向,1
美美,1
早中,1
手卷,1
一口,1
泥饼,1
太淡,1
忘加,1
老实话,1
大半夜,1
几块,1
喝成,1
电玩,1
兴致勃勃,1
小时候,1
起点,1
一套,1
充气,1
真心话,1
油腻,1
路数,1
sala,1
四侠,1
鼓掌,1
近乎,1
这去,1
圆满,1
娃快,1
两岁,1
再定,1
耐斯,1
尹枫姐,1
比心,1
带动,1
驻留,1
多才,1
游乐区,1
空档,1
所售,1
后半程,1
底层,1
曲奇,1
LED,1
帷幕,1
出本,1
速成,1
总控,1
发动机,1
回收,1
衣物,1
自动化,1
对此,1
贵些,1
几千,1
海藻,1
SPA,1
还用,1
过久,1
服务体系,1
成熟,1
紧急情况,1
产业,1
奶奶,1
大米饭,1
一家之言,1
七十多岁,1
静心,1
无垠,1
私语,1
滴风,1
澎湃,1
渲泄,1
可品尝,1
人较,1
不太能,1
逛个,1
5k,1
第几个,1
按人算,1
做点,1
订个,1
邻国,1
吓人,1
充满希望,1
超低,1
诚恳,1
设有,1
剧目,1
夺人,1
中英文,1
主持,1
顾及,1
监管,1
展露,1
格式,1
度旁,1
类食品,1
软饼,1
自助式,1
目,1
嫌弃,1
来取,1
转身,1
同事,1
少到,1
败点,1
队员,1
开夜,1
不自在,1
恰当,1
颠倒,1
驶向,1
深海,1
心绪,1
波动,1
眺望,1
浩,1
迷幻,1
风暴,1
气旋,1
穿行,1
惊涛骇浪,1
转瞬,1
天空海阔,1
探密,1
奇妙,1
不禁,1
永恒,1
热爱,1
生命力,1
代名词,1
吹捧,1
超高速,1
3G,1
韩霁梅,1
编撰,1
假意,1
分享,1
套近乎,1
使劲,1
150,1
觉得很有,1
上个,1
一阵,1
手忙脚乱,1
够呛,1
前才定,1
没放,1
附加,1
3000,1
一杯杯,1
算下来,1
每人每天,1
奶茶,1
水超难,1
定食,1
肉眼,1
一人点,1
黑松,1
露意面,1
四顿餐,1
这么回事,1
摔下来,1
可怜,1
两分钟,1
太爽了,1
池里,1
几杯,1
桑拿室,1
老大爷,1
中好,1
太牛,1
变身,1
角度看,1
西装,1
领结,1
船用,1
行来,1
公交,1
外滩,1
土,1
便宜货,1
乌烟瘴气,1
赌,1
多角度,1
傍晚,1
三线,1
盛装,1
穿托尾,1
连衣裙,1
形象,1
噩梦,1
太长,1
⚠,1
小腿,1
没排,1
喔,1
9.6,1
八晚,1
架不住,1
耗费,1
吸取,1
两百,1
GET,1
德云社,1
麻花,1
最旺,1
毋容,1
置疑,1
白布,1
三四百,1
试试看,1
艺术总监,1
策划,1
积极参与,1
甚远,1
航空,1
宾馆,1
比偏,1
zhao,1
很晃,1
回民,1
🥭,1
关照,1
惊喜不已,1
历史,1
两条线,1
称得上,1
逛遍,1
接回,1
零,1
跑道,1
很满,1
长途旅行,1
选带,1
满天,1
繁星,1
欢迎仪式,1
饱眼福,1
尾,1
得太过,1
冷冻,1
加工,1
就让,1
想不通,1
海参崴,1
舞鹤,1
过检都,1
好久,1
玩船,1
抱团,1
此前,1
国际标准,1
桌布,1
吸引力,1
玩美,1
王牌,1
床褥,1
参差不一,1
时有发生,1
走马看花,1
IPUTU,1
清远,1
精简,1
平均值,1
晴,1
中当,1
辣味,1
231,1
桌,1
ZHENLl,1
AJ,1
Ⅰ,1
两人点,1
有动,1
有静,1
点上,1
改道,1
留有,1
专程,1
静美,1
不太懂,1
事前,1
贵轮,1
岗位,1
万分,1
领班,1
一长,1
围坐在,1
其乐融融,1
衷心,1
力所能及,1
两周,1
元气,1
要进,1
省却,1
日晒雨淋,1
泡面,1
穷,1
加餐,1
肉质,1
弹性,1
2200,1
漂,1
捣,1
糨糊,1
事上,1
限定,1
金额,1
厨子,1
大街,1
再加,1
柚子,1
那可选,1
汹涌,1
人潮,1
外部,1
满面笑容,1
年长,1
得力,1
严谨,1
新线路,1
甚者,1
中央,1
菲力,1
储蓄,1
同步,1
水质,1
海水,1
刚去,1
一桶,1
🍦,1
玩人,1
房给,1
打湿,1
免费送,1
送还,1
玩到,1
住处,1
献上,1
一曲,1
生日歌,1
现代化,1
有大,1
注明,1
混在,1
尚好,1
厌倦,1
惊叹不已,1
买银卡,1
完全免费,1
及免,1
小睡,1
说些,1
很帅,1
老友记,1
乔伊,1
金卡后,1
非金卡,1
日光,1
早出,1
驾到,1
250,1
栈桥,1
去取,1
大堂,1
切切实实,1
上上下下,1
福利,1
十几美元,1
芦笋,1
盛名之下,1
榨,1
鲜果汁,1
阿米尔,1
印度人,1
东亚人,1
乐观,1
小调,1
全素,1
垫,1
阵容,1
轴,1
臂,1
力量,1
showgirl,1
编舞,1
声乐,1
变幻,1
舞美设计,1
睁不开,1
魔术师,1
三四次,1
专心,1
苛刻,1
几十架,1
气球,1
动态,1
影像,1
代表,1
要换,1
着重,1
每间,1
饮用,1
磕碰,1
苛求,1
稍低,1
稍嫌,1
每项,1
好玩儿,1
奖牌,1
杯子,1
长重,1
厌,1
浓厚,1
节点,1
演示,1
一报,1
工作到位,1
上错,1
上太多,1
高频率,1
煞风景,1
拉低,1
国际台,1
不多且,1
Chops,1
走到,1
太平洋,1
漫长,1
不赖,1
长期,1
恋爱,1
腻在一起,1
对岸,1
计较,1
春节,1
别定,1
七拐八拐,1
黑椒,1
粒,1
烧法,1
时连,1
机关,1
不亚于,1
春晚,1
一大排,1
两起,1
停止使用,1
水消毒,1
球面,1
有脏痕,1
在我看来,1
很远,1
小山坡,1
工地,1
老式,1
小区,1
绿化带,1
养猪,1
成大床,1
布设,1
必吃,1
必做,1
实在话,1
贴合,1
这太,1
不负众望,1
大了些,1
吹风,1
近在咫尺,1
云层,1
要水,1
单才,1
无意,1
剧,1
太过分,1
两手,1
物美价廉,1
钱不缺,1
很坑,1
人分,1
锅底,1
变床,1
成床,1
1.05,1
托儿所,1
价格合理,1
一极,1
宋,1
首艘,1
全有,1
168,1
666,1
吨,1
4246,1
长宽,1
1551,1
夏日,1
炎炎,1
玩掉,1
最爱,1
小东西,1
铺,1
费务,1
好值,1
五分,1
或雪碧,1
取食,1
单人床,1
放成床,1
走动,1
一次性,1
超龄,1
防晒,1
防滑,1
大屏会,1
放电影,1
报太多,1
自我感觉,1
我用,1
小段,1
建议性,1
拼命,1
千篇一律,1
2014,1
太吵,1
恭维,1
久点,1
感到高兴,1
ww,1
自体,1
wwww,1
杏仁,1
好稀饭,1
中央台,1
开得慢,1
开得,1
--,1
h,1
如履平地,1
动动,1
头会,1
∇,1
我太难,1
炒鸡,1
好康,1
高超,1
之中,1
后排,1
´,1
ʃ,1
ƪ,1
皮包,1
咖啡店,1
我超,1
ROYCE,1
生,1
进口,1
代购,1
几十,1
rmb,1
全身,1
血液,1
̥,1
́,1
ˍ,1
̀,1
ू,1
裤子,1
长袖,1
过膝,1
短袖,1
穿衣,1
需有度,1
◡,1
ﾉ,1
8.15,1
凸显,1
现代感,1
简约,1
型,1
窗外,1
边来点,1
VI,1
和蒂凡尼,1
九折,1
项链,1
52700,1
折后,1
40500,1
1998,1
泰坦尼克号,1
酷暑,1
成份,1
总重量,1
十七,1
好似,1
巨型,1
客用,1
层高,1
豪华酒店,1
难以置信,1
两千,1
一百多间,1
五千,1
六百名,1
一千五百名,1
一千五百多,1
消费水平,1
调酒,1
初中,1
打蓝球,1
晒衣服,1
真空,1
丢进,1
很场,1
眼光,1
一百分,1
JCB,1
人扯,1
抽时间,1
下泡,1
平常心,1
朋友圈,1
动心,1
做广告,1
放空,1
最不累,1
淡如水,1
兑,1
太多水,1
境内,1
特快,1
咖啡吧,1
说大奔,1
车来,1
准时到达,1
上前,1
必点,1
下楼,1
尘螨,1
被套,1
小熊,1
床头,1
星球,1
争霸,1
数不胜数,1
玩过来,1
电视塔,1
19.99,1
购物篮,1
体质,1
实地,1
纸屑,1
喷,1
消毒水,1
再盖,1
袋子,1
夹起,1
丢桶,1
泳,1
症状,1
抵抗力,1
孤单,1
价,1
干烧,1
弹跳,1
大城市,1
县城,1
马路上,1
定到,1
开朗,1
一换,1
勤,1
换布草,1
冷气,1
如需,1
调剂,1
量大份,1
反响,1
全在,1
升降,1
空心菜,1
烂叶,1
汤底,1
做个,1
啖,1
儘,1
快樂,1
时限,1
桌面,1
分不清楚,1
黑夜,1
各区,1
今日,1
很多年,1
我来,1
别开,1
借宿,1
中日,1
鼓励,1
好好学习,1
常人,1
更深,1
更远,1
努力学习,1
教育,1
鸡汤,1
下能,1
信服,1
盒,1
爰,1
真棒,1
一瞬间,1
旌,1
荡漾,1
上演,1
劲,1
活火山,1
常年,1
滚滚,1
浓烟,1
抓紧时间,1
🤟,1
有份,1
虽有,1
静,1
智力,1
专车接送,1
妥妥,1
紧促,1
体格,1
语言不通,1
练,1
更让人,1
出住,1
行到,1
层出不穷,1
友人,1
記憶,1
一新,1
頁,1
低层,1
但订,1
越到,1
房门口,1
手提,1
纸袋,1
有件,1
狼,1
爪,1
几百元,1
青藏,1
牛肉干,1
保安队,1
亏大,1
漆黑,1
五美元,1
带水,1
硬性,1
有违,1
合同,1
大型商场,1
船口,1
窒息,1
美感,1
2015,1
器材,1
跑动,1
差点儿,1
粉色,1
大熊,1
几只,1
小熊猫,1
蹦,1
比比皆是,1
白种,1
白,1
歌者,1
歌手,1
粤语歌,1
上差,1
各得,1
其乐,1
廊桥,1
走太多,1
一颗,1
星扣,1
一餐饭,1
去量,1
差太大,1
茶杯,1
放放好,1
洗太快,1
一两场,1
没玩到,1
选贵,1
有吃有喝,1
小报,1
夜景,1
寄托,1
再也不会,1
编号,1
滿嘴,1
好话,1
纳豆要,1
中风,1
至死,1
幽门,1
螺杆菌,1
导国,1
满嘴,1
太不像话,1
地导姓,1
姓,1
相符,1
人作,1
躲开,1
冷导,1
一个团,1
号团,1
七月,1
底,1
初是,1
新旧,1
随行,1
饭食,1
及格,1
前所未有,1
完全性,1
坑爹,1
黑,1
黑灯瞎火,1
逛公园,1
关了门,1
神社,1
相隔,1
想吐槽,1
亲眼看见,1
办手续,1
瘫坐,1
尽职,1
二段,1
充数,1
拿回扣,1
奇怪,1
好笑,1
数字,1
二船,1
船型,1
基本相同,1
游有,1
我己,1
邮,1
次之,1
挡次,1
花色品种,1
七,1
化费,1
九点钟,1
夜游,1
看不清楚,1
夜路,1
事故,1
缺,1
画,1
每到,1
放个,1
还伴,1
舞热个,1
秒杀,1
系来,1
订错,1
促成,1
同程,1
小过,1
言归正传,1
随浪,1
广东,1
余韵,1
前定,1
双十,1
几百块,1
保护,1
一点多,1
分检,1
佩戴,1
防,1
手带,1
看景,1
了然于胸,1
定餐,1
进餐,1
无爱,1
😁,1
柠檬汁,1
续命,1
规格,1
低空,1
硝化细菌,1
兄弟,1
第几,1
下决心,1
大喊大叫,1
v,1
咖啡粉,1
康复科,1
封口费,1
开发,1
卡卡,1
奖学金,1
滴滴,1
代驾发,1
发汗,1
达康,1
书记,1
说散,1
哪班,1
成本价,1
Tiffany,1
相处,1
哪来,1
自信,1
大变脸,1
不花点,1
放信,1
信封,1
让给,1
承诺,1
专有,1
打准,1
赶鸭子上架,1
百分之十八,1
看不清,1
认路,1
呵斥,1
堵路,1
六七十岁,1
之後超,1
問題,1
一個電,1
臺,1
層大樓,1
去逛,1
公園,1
公園還,1
天满宫,1
遗址,1
兩個,1
免稅店,1
賣,1
復,1
人房,1
四年,1
苟同,1
楼梯间,1
吵得,1
75,1
挡,1
低嘛,1
拿包,1
东北,1
老太婆,1
相逢,1
太烦人,1
冬瓜,1
萝卜,1
传菜,1
耗时间,1
小童,1
早订,1
600,1
差价,1
呼呼,1
窄,1
翻身,1
百倍,1
大闸蟹,1
个币,1
颇为,1
转角,1
惊奇,1
水有,1
发达国家,1
水龙头,1
九点半,1
坐车去,1
十二点,1
2.30,1
憋,1
不知真假,1
早间,1
播报,1
地想,1
纯正,1
比正,1
少些,1
薄些,1
新添,1
叠出,1
形状,1
焦躁,1
大幅,1
真枪,1
加以改进,1
中途,1
附带,1
出险,1
获赔,1
居家,1
质量上乘,1
友谊,1
性能,1
超强,1
12k,1
频,1
画中,1
一扫,1
自动开关,1
闭路电视,1
播出,1
休闲活动,1
性格,1
几款,1
递增,1
个性,1
听海,1
激近,1
博弈,1
中西文化,1
内地,1
诧异,1
弥散,1
下身,1
不遂,1
万圣节,1
营造,1
职责,1
认同感,1
富有,1
冲击力,1
带有,1
气质,1
纪念,1
摄影,1
赋能,1
加大,1
揽客,1
直销,1
会免,1
风大穿,1
后期,1
喝茶,1
比较完善,1
景观设计,1
脏乱,1
少许,1
派头,1
浓烈,1
食欲,1
折磨,1
欢迎会,1
赚钱,1
营销策划,1
深思,1
这项,1
餐都,1
优先权,1
椅,1
索要,1
隔得,1
尽头,1
我脚,1
骨折,1
货不全,1
价高,1
奢望,1
滿開心,1
天氣,1
鼓勵,1
㩗,1
房隔,1
轰隆,1
一夜,1
4.5,1
洗手间,1
船大稳,1
挤得,1
好歹,1
有会,1
只够,1
腰痛,1
犯,1
嘴脸,1
忠实,1
老客户,1
气死人,1
中内,1
称,1
挺稳,1
刚过,1
货物,1
透,1
之侠,1
一晃,1
证据,1
反问,1
举,1
既然如此,1
237,1
工作失误,1
百般,1
抵赖,1
推说,1
要收,1
店大欺客,1
俞姓,1
三无,1
专业性,1
全员,1
交代,1
集合地点,1
不慎,1
手肘,1
血迹斑斑,1
黑心,1
邦迪,1
出血量,1
邦,1
控制不了,1
坚挺,1
伤势,1
硬撑,1
出门在外,1
求助无门,1
悲,1
二边,1
推卸责任,1
领教,1
号车,1
赶到,1
绿色,1
纸条,1
何去何从,1
捆绑式,1
忍,1
排华,1
3.10,1
吃主,1
二杯,1
补办,1
网费,1
往死里,1
售后服务,1
遗失,1
卡地亚,1
落,1
推脱,1
报案,1
只字不提,1
保险公司,1
130,1
空设,1
你入,1
讨回公道,1
教训,1
这辈子,1
陷阱,1
勾选,1
239,1
开进,1
二十几,1
小房间,1
十几桌,1
换证,1
取证,1
关卡,1
上当,1
14f,1
评说,1
托,1
几样,1
🦐,1
🐟,1
想都别想,1
猪食,1
此感,1
填填,1
淡,1
两口,1
3f4f,1
像样,1
多半,1
五分钟,1
重物,1
楼上,1
滑过,1
贵得,1
人一晚,1
6299,1
赶场子,1
灰,1
人生地不熟,1
受罪,1
两样,1
没退,1
夢幻,1
行床,1
满后,1
四五个,1
理论,1
不计其数,1
盆,1
沙子,1
耗掉,1
压,1
没见,1
一万多,1
直营,1
横滨,1
听闻,1
人吐槽,1
证件,1
份,1
用不着,1
感冒药,1
叮咬,1
火药,1
服类,1
电器,1
美标,1
转接头,1
线,1
烘干,1
电吹风,1
晴雨伞,1
耳塞,1
有海,1
风声,1
常用语,1
XX,1
XXX,1
5D,1
三分之二,1
房多,1
洗手台,1
屉子,1
房大,1
肉疼,1
相较,1
解乏,1
意味着,1
我爸,1
赖,1
着床,1
气温,1
人来人往,1
高且,1
西化,1
不太惯,1
有现,1
银耳,1
羹,1
鱼香肉丝,1
劣势,1
三四顿,1
董和川,1
谷汇,1
随处,1
354,1
贵是,1
见世面,1
164.02,1
很会,1
炒饭,1
噌,1
想尝大董,1
含大董,1
157,1
血亏,1
卡多人,1
宝地,1
边泡,1
冰,1
咖啡机,1
别点,1
7.67,1
我行,1
前订,1
疼,1
多好,1
听不懂,1
中后期,1
内核,1
差不太多,1
飞完,1
角度,1
镜头,1
狰狞,1
没玩上,1
领个,1
手环,1
签个,1
责任书,1
防走光,1
冲出,1
屁股,1
帮子,1
教学,1
拉伸,1
字数,1
高昂,1
离谱,1
售完,1
饼干,1
零嘴,1
免得,1
Leo,1
x,1
哄哄,1
分差评,1
一元,1
费不含,1
190,1
口中,1
更有甚者,1
船客,1
救场,1
调换,1
点去,1
浅,1
草寺,1
殿门,1
紧闭,1
祭拜,1
闻所未闻,1
款式,1
满场,1
门有,1
异响,1
现实,1
削弱,1
有惊无险,1
网有,1
天半是,1
缓慢,1
比重,1
变高,1
退步,1
小人,1
General,1
Although,1
been,1
days,1
finished,1
still,1
recall,1
happily,1
shows,1
delicious,1
foods,1
enjoyed,1
dinning,1
decorations,1
warm,1
smilng,1
faces,1
services,1
provided,1
staffs,1
especially,1
challenging,1
mobility,1
specially,1
313,1
named,1
VasanthVasanth,1
Julien,1
black,1
3rd,1
floor,1
usher,1
lady,1
short,1
cut,1
hair,1
glasses,1
Last,1
least,1
thank,1
crews,1
who,1
helped,1
wheel,1
chair,1
when,1
Naha,1
Thank,1
you,1
By,1
way,1
purpose,1
helping,1
Seas,1
achieve,1
higher,1
standard,1
incidents,1
fail,1
score,1
full,1
mark,1
pleasent,1
meal,1
backed,1
onshore,1
remember,1
name,1
343,1
That,1
served,1
wait,1
VERY,1
long,1
every,1
dishes,1
Long,1
enough,1
make,1
feel,1
sleepy,1
During,1
hardly,1
find,1
requested,1
waiters,1
give,1
water,1
asked,1
why,1
happening,1
she,1
apologize,1
argued,1
expect,1
slowness,1
same,1
respond,1
her,1
wondering,1
only,1
so,1
slow,1
particular,1
Isn,1
lunches,1
dinners,1
think,1
girl,1
training,1
First,1
would,1
agree,1
cute,1
animals,1
towels,1
nights,1
Impressed,1
much,1
Unfortunately,1
last,1
ruined,1
impression,1
luggage,1
56,1
noticed,1
scheduled,1
October,1
27th,1
Thinking,1
allowed,1
didnt,1
awake,1
A,1
few,1
minutes,1
later,1
man,1
opened,1
told,1
leave,1
did,1
briefly,1
knocked,1
kept,1
open,1
without,1
permission,1
understood,1
wanted,1
clean,1
rooms,1
fast,1
possible,1
new,1
But,1
shouldn,1
have,1
right,1
stay,1
number,1
called,1
第四年,1
自创,1
个门,1
很累,1
救生,1
头痛,1
舱门,1
驱赶,1
注,1
高过,1
市面上,1
二千多,1
减缓,1
铺张浪费,1
不乏,1
一一列举,1
频率,1
不停息,1
八点,1
九点,1
前离,1
切断,1
切段,1
网订,1
车票,1
闺女,1
旅已,1
极少,1
复式,1
但单,1
整瓶,1
六折,1
从家,1
单程,1
奇怪的是,1
银卡有,1
报个,1
玩去,1
莱伯,1
妮,1
鱼子酱,1
眼部,1
精华,1
眼霜,1
好几千,1
藏,1
搜完,1
很烂,1
态度恶劣,1
骂人,1
无非,1
报警,1
警方,1
这算,1
威胁,1
1w4,1
糟糕透顶,1
低糖,1
少脂,1
有机,1
无数,1
死心,1
连唱,1
热情高涨,1
爷叔们,1
首,1
一首歌,1
该是,1
好些,1
高于,1
约翰,1
好能,1
见图,1
一条街,1
价格便宜,1
香烟,1
不爱,1
掐着,1
美滋滋,1
老套路,1
洗脑,1
走心,1
费心,1
同龄,1
晚游,1
归来,1
5064,1
无噪音,1
荟萃,1
味好,1
面馆,1
七家,1
有川,1
谷荟,1
大饱口福,1
三至,1
音悦厅,1
结束语,1
拥抱,1
美妙,1
忧心,1
贵重物品,1
高清,1
摄像头,1
封闭式,1
寻物,1
启事,1
找下,1
看下,1
盲区,1
可疑人物,1
啥时候,1
捡,1
大摇大摆,1
真别,1
居心,1
咋办,1
人身,1
财产,1
高度,1
警戒,1
公共场所,1
某次,1
碎语,1
口水鸡,1
吓死,1
几片,1
鸡,1
大腿,1
一勺,1
辣椒酱,1
迎宾,1
丝路,1
MSC,1
卡口,1
陆陆续续,1
呲,1
牙,1
长队,1
会死星,1
卫星,1
165,1
满格,1
🈵,1
这段,1
圆满结束,1
逗逗,1
差光谱,1
🛳,1
标注,1
机械故障,1
此行,1
这趟,1
和赛,1
琳娜,1
漏单,1
带劲,1
哥们儿,1
下地,1
登輸,1
通关,1
太長,1
大板,1
不合,1
常理,1
首都,1
应多,1
适应性,1
能分,1
绚丽夺目,1
霸气,1
😱,1
别出心裁,1
尽显,1
高逼格,1
吹风机,1
‼,1
📝,1
环绕,1
色彩斑斓,1
😨,1
c,1
💯,1
✍,1
✖,1
单制,1
直观,1
呈现,1
偏甜,1
😢,1
比较慢,1
😡,1
👎,1
催着,1
😕,1
别忘了,1
🤔,1
专户,1
章法,1
之慢,1
老弱病残,1
幼,1
绿色通道,1
种族歧视,1
sorry,1
搪塞,1
平等,1
杏花楼,1
胶袋,1
原装,1
乌龙,1
赏月,1
夜前,1
屁话,1
标明,1
10%,1
老面孔,1
大失所望,1
修养,1
追捧,1
开悟,1
晋级,1
六年,1
糊弄人,1
鸡块,1
辣酱,1
浇,1
咕咾肉,1
会入,1
滑冰,1
取代,1
不好玩,1
概念,1
几下,1
概括,1
越大越,1
载客量,1
延续,1
傻钱,1
多人来,1
推迟,1
太精彩,1
有三楼,1
打得,1
备件,1
有幸,1
小孙,1
线下,1
界面,1
如能,1
不致,1
扫兴,1
成天,1
板个,1
屌,1
搞不清楚,1
瞎指挥,1
死活,1
非,1
出错,1
人错,1
好伦哥,1
楼好,1
被罩,1
脏,1
赶时间,1
一波三折,1
罚钱,1
罚款,1
穿件,1
爷叔团,1
阿三有,1
鸡条,1
橱柜,1
话剧院,1
sa,1
起劲,1
真要,1
办点,1
男,1
进不去,1
零钱,1
弄掉,1
物件,1
戏足,1
办公室,1
那问,1
张新卡,1
一件件,1
张嘴,1
蛮会,1
哑巴,1
慢慢来,1
搞不懂,1
六亲不认,1
对三人,1
人去,1
我进,1
菲律宾人,1
抹布,1
墙壁,1
跳下来,1
打个招呼,1
这事,1
放点脏,1
要少,1
岁数,1
身上,1
体谅,1
开网,1
报话机,1
一万八千,1
所致,1
杠铃,1
节目表,1
北极,1
攀,1
恐高,1
右边,1
寒暑假,1
要排,1
四层,1
方都,1
送遲,1
還不錯,1
偷懒,1
饿着肚子,1
豪装,1
鲜美,1
玻璃窗,1
心潮澎湃,1
去悦,1
球里,1
天气情况,1
零碎,1
拆,1
彩蛋,1
船比,1
硬成,1
只开,1
非常少,1
连站,1
飞上去,1
落下来,1
摆,1
洗照片,1
白来,1
妇女,1
夸张,1
六个,1
委曲求全,1
叽叽喳喳,1
指指点点,1
急速,1
书桌,1
面板,1
一点一点,1
咖啡渍,1
溅,1
擦掉,1
太脏,1
吸,1
喜忧参半,1
十二,1
三分钟,1
男性,1
死板,1
提到,1
笑容可掬,1
72,1
76,1
券,1
太大太大,1
厨,1
宴,1
69,1
并未,1
花得,1
etc,1
公务,1
想省,1
公共电话,1
拨打,1
留言,1
share,1
咖啡杯,1
美妆有,1
毫不犹豫,1
地去,1
小妹,1
厚道,1
淡季,1
特定,1
眩晕,1
蛮有意思,1
他会,1
四年级,1
睡着,1
懒觉,1
繁忙,1
疲劳,1
帝王,1
地带,1
望远镜,1
🔭,1
不争气,1
餐桌上,1
袋装,1
白开水,1
举例,1
小杯,1
消费类,1
打着,1
旗号,1
导购员,1
占者,1
拉客,1
集贸市场,1
一个点,1
不过关,1
计价,1
借口,1
乱象,1
后花,1
无座,1
验证,1
有何意义,1
汤里,1
喝出,1
塑料薄膜,1
上缺,1
比下,1
动弹,1
只怪,1
调错,1
告诫,1
往前,1
搞错,1
圈拢,1
小喝,1
标签,1
多长,1
心眼儿,1
动物园,1
人多且,1
特色菜,1
自掏腰包,1
50%,1
文化冲突,1
发短信,1
不吐,1
生性,1
随和,1
皆大欢喜,1
一笑而过,1
洋人,1
买办,1
打工,1
自豪,1
优越感,1
真切,1
抹黑,1
贯穿,1
抢购,1
反面,1
管理机制,1
摔了一跤,1
黄色,1
一跤,1
很痛,1
青,1
搭理,1
太滑,1
自行安排,1
DIY,1
还点,1
guancha,1
前排,1
舍得,1
人真多,1
满舱,1
垃圾箱,1
轮游,1
延期,1
中文台,1
超一流,1
延误,1
登录,1
睁,1
开来,1
三夜,1
浴卫,1
包等用,1
补添,1
小气,1
經有,1
受限,1
不忍,1
卒,1
睹,1
谌,1
事宜,1
职员,1
已滿,1
滿,1
一团糟,1
反省,1
欢度,1
性太强,1
翻倍,1
通知单,1
娱乐厅,1
能收,1
此时此刻,1
赶回,1
倒贴,1
边检,1
赔付,1
孪生兄弟,1
出乎预料,1
几台,1
紧俏,1
安装,1
行李牌,1
核实,1
直奔,1
专区,1
三十左右,1
免房,1
节省时间,1
一说,1
戴个,1
画面感,1
考验,1
臂力,1
跳不动,1
拉不动,1
伤不起,1
烹饪,1
齁,1
区分,1
喂饱,1
不闷,1
化妆台,1
化妆镜,1
带灯,1
真得,1
鱼虾,1
驻,1
声光效果,1
很响,1
望出去,1
坐地铁,1
寸,1
晃晃,1
挂,1
点太多,1
甜太甜,1
超爱,1
甜食,1
合口味,1
63,1
💦,1
公告,1
退不退,1
明确规定,1
恨不得,1
目睹,1
最无语,1
前卫,1
科幻,1
全包,1
各玩,1
保持联系,1
强国,1
讯,1
随声,1
译,1
翻译成,1
读,1
语音,1
译成,1
捡回来,1
表达能力,1
明显提高,1
事实上,1
按序,1
最快,1
糖醋排骨,1
块头,1
象下,1
上人,1
各尽其,1
职,1
遵守,1
说教,1
换洗,1
洗涤,1
酸辣粉,1
品位,1
🤖,1
😘,1
游乐园,1
力气,1
心情舒畅,1
返回,1
噪声,1
阻止,1
👦,1
风平浪静,1
归程,1
摇,1
船晃得,1
早场,1
晚场,1
清一色,1
个别人,1
烦躁不安,1
起早摸黑,1
人不挤,1
强推,1
女郎,1
暴饮暴食,1
懂得,1
铁青,1
没点,1
钱下,1
先占座,1
菠萝,1
连虾,1
鸡肉,1
变着,1
那么回事,1
文化差异,1
维密秀,1
会发,1
雪碧,1
芬达,1
茶楼,1
8662,1
光图,1
歌比,1
加微信,1
机超赞,1
倒胃口,1
乐此不疲,1
大热,1
夏天,1
探险,1
游弋,1
博彩,1
短途,1
犹豫,1
一两千,1
挤破,1
一个第一次,1
体重,1
增重,1
餐费,1
一栏,1
聊聊天,1
太烦,1
球拍,1
台子,1
那会,1
目标,1
卖家,1
做些,1
限时,1
抽奖,1
那位,1
人边,1
聊边,1
唱边,1
弹琴,1
默默,1
弹边,1
排气扇,1
风力,1
颠,1
求,1
水滑梯,1
出彩,1
不顾,1
生死,1
安危,1
救生船,1
很巧,1
心怀,1
刚刚开始,1
官宣,1
今年春节,1
之时,1
平心而论,1
啪啪,1
打脸,1
难过,1
打定主意,1
三艘,1
屏,1
旁吃个,1
游累,1
冰激淋,1
笑点,1
万座,1
施工现场,1
顶尖,1
还来,1
后写,1
先写,1
超湛,1
雄伟,1
身居,1
别样,1
向往已久,1
月初,1
避过,1
聊聊,1
天会,1
有值,1
需上,1
手机号,1
一步步,1
文档,1
到时候,1
复制,1
黏贴,1
订单号,1
过时不候,1
各不相同,1
机,1
开头,1
银联卡,1
探索之旅,1
酒类,1
可控,1
小老鼠,1
自以为是,1
邻桌,1
赵,1
事无巨细,1
双,1
图骗,1
药妆卖,1
巨款,1
烂,1
挖苦,1
辞退,1
慢活,1
亲切友好,1
球玩得够,1
眼花缭乱,1
多姿多彩,1
海鲜类,1
少见,1
下川,1
渝,1
云南,1
贵州,1
湖南,1
湖北,1
麻重,1
收好,1
自动门,1
中奖,1
一艘船,1
💕,1
厉奇,1
聊胜于无,1
浪费时间,1
明天,1
先去,1
植物园,1
热带植物,1
辰山,1
电器店,1
一角,1
DFS,1
城墙,1
版,1
中国式,1
鱼油,1
很无语,1
翻版,1
失效,1
且不论,1
尾单,1
新潮,1
立体,1
绝对值,1
必晕,1
降落伞,1
自由落体,1
加塞,1
撒,1
打喷嚏,1
喷人,1
一身,1
亲朋好友,1
好用,1
推送,1
明细,1
一目了然,1
奉劝,1
自理,1
更生,1
硬菜,1
热带,1
骗进,1
肯蒙,1
拐骗,1
联排,1
房费,1
换个,1
加价,1
生平,1
检查一下,1
过问,1
巧,1
一不注意,1
名代班,1
一推,1
三不管,1
放任,1
打乱,1
不靠,1
我要,1
真想,1
机票,1
刷新,1
三观,1
衬托,1
太长太,1
活着,1
点好,1
臭味,1
马桶盖,1
盖,1
熏,1
113,1
厘米,1
有满,1
双重标准,1
标示,1
按量,1
自取,1
子太快,1
收掉,1
compass,1
油爆,1
烤麸,1
芒果,1
走过,1
档,1
有条有理,1
虽多,1
有部,1
还放,1
一架,1
地举,1
发觉,1
键,1
好多好多,1
太响,1
扣分,1
仰望,1
大屏幕,1
喝喝,1
餐點,1
多樣樣,1
專業,1
新品种,1
权限,1
点半有,1
空,1
吃晚饭,1
开闸,1
井然,1
头一回,1
上选,1
挑中,1
甚慰,1
28,1
游记,1
港时,1
看樱岛,1
多米,1
费劲,1
适逢,1
五家,1
妥妥贴贴,1
吃水果,1
指数,1
得当,1
无疑,1
乐不可支,1
所用,1
烤焦,1
寄予厚望,1
Jamie,1
鲜虾,1
软文,1
上天,1
夸,1
敢情是,1
唐人街,1
误解,1
有空,1
iFly,1
膊,1
需注意,1
spa,1
罪恶感,1
存,1
侥幸心理,1
要验,1
急功近利,1
殷勤,1
得体,1
一船,1
很稳,1
朝下,1
千叮咛万嘱咐,1
比同,1
诚信,1
欺诈,1
嫌疑,1
难求,1
过年,1
接听,1
出港,1
不明,1
黑衣人,1
未有,1
简章,1
胸牌,1
蛮横,1
歉意,1
不查,1
钱付,1
日方,1
一视同仁,1
折反,1
早知,1
爬楼梯,1
直饮水,1
高达,1
四分之三,1
宅,1
嘈杂声,1
诉求,1
如实,1
床塌,1
提上去,1
换床,1
投诉无门,1
房有,1
图二,1
行人,1
游池,1
喜,1
阵列,1
轮番上阵,1
出奇,1
蜻蜓点水,1
日常用品,1
人在旅途,1
医务室,1
问诊,1
一封信,1
减免,1
乐乐,1
晕车药,1
隆重,1
留点,1
念想,1
没玩过,1
没玩,1
统一标准,1
白交,1
仁者见仁,1
肉食动物,1
喜人,1
很炫酷,1
觉着,1
暇,1
意,1
土豆泥,1
通心粉,1
人用,1
补上,1
光看,1
寺庙,1
消費,1
有點,1
驚人,1
我覺,1
旅遊費,1
不應,1
該,1
收費,1
這麼,1
預約,1
透過,1
軟件,1
不過,1
剛好,1
貼心,1
服務員,1
這,1
裡房間,1
偶爾還,1
附帶,1
動物,1
裝飾,1
會無聊,1
人數,1
能夠,1
品質,1
好點,1
长膘,1
带好,1
十万八千里,1
这笔,1
记录,1
泡沫,1
明火,1
很糟,1
拼,1
现场表演,1
见过,1
十一个,1
分桌,1
要纸,1
笔,1
充分利用,1
储存,1
游戏场,1
Vio,1
大吼大叫,1
愣,1
闻,1
香,1
糟,1
当属,1
固体酒精,1
炉,1
加热,1
青口,1
🤮,1
下泻,1
送上,1
过期,1
🤪,1
😳,1
漏掉,1
一两样,1
没乱点,1
舱内,1
入口处,1
安全隐患,1
牌及,1
人力,1
均匀,1
两组,1
印上,1
简图,1
英文翻译,1
发挥,1
传输,1
顺风,1
顺水,1
平安,1
到家,1
丰常,1
毕要,1
人小,1
跑来跑去,1
成年人,1
不断创新,1
双刃剑,1
被扣,1
无物,1
可购,1
优化,1
开关门,1
身影,1
不来,1
一小半,1
扑克,1
客观,1
马来,1
卖彩宝,1
看时,1
专柜小姐,1
井底之蛙,1
好贵,1
生病,1
按上,1
极低,1
第四条,1
时长,1
辅助,1
器,1
想游,1
看秀要,1
明令,1
中三人,1
更长,1
多出,1
五斗橱,1
同层,1
洗护,1
双眼,1
一万,1
库存,1
炒面,1
空盘,1
🥩,1
餐位,1
人少些,1
有条理,1
与时俱进,1
人鹅,1
嘴巴,1
总会,1
施舍,1
奢,1
不定期,1
满载而归,1
重口,1
难调,1
服务满意,1
housekeeping,1
贫乏,1
酸涩,1
未成熟,1
围抢,1
倩影,1
告罄,1
个人卫生,1
把守,1
看守,1
手心,1
挤上,1
一滴,1
消毒液,1
响应,1
号召,1
不收,1
我费,1
连忙,1
辅以,1
保存,1
三项,1
截图,1
通电话,1
后台,1
得多乱,1
赶来,1
运送,1
桑拿天,1
一大群,1
男女老幼,1
挥汗如雨,1
一等,1
登车,1
群众,1
发车,1
饥肠辘辘,1
涌向,1
路口,1
交通指挥,1
一言不合,1
最糟,1
心安,1
最棒,1
手册,1
丢脸,1
摇头,1
浪费者,1
羞愧,1
几张,1
碎片,1
再三,1
倒好,1
简洁,1
得不到,1
究其原因,1
迫使,1
自诩,1
平添,1
浓浓的,1
游需,1
RC,1
二流,1
超乎寻常,1
细致入微,1
日常用语,1
带位,1
容量,1
酒品,1
各场,1
全场,1
买全,1
 ,1
Ĺ,1
̯,1
详情请,1
参见,1
金星,1
资本,1
无太大,1
从五楼,1
探,1
触目惊心,1
各喜,1
各爱,1
大队,1
另加,1
花式,1
火腿,1
最让人,1
羊肉,1
肉丸,1
拼盘,1
加肉,1
不讲道理,1
男子,1
压根儿,1
惹,1
衔接,1
手艺,1
面带笑容,1
楼上楼下,1
试吃,1
🎵,1
♀,1
🙅,1
足矣,1
满撑,1
海鸥,1
月亮,1
大巴车,1
点接,1
南站,1
支出,1
高速,1
wife,1
一模一样,1
花样繁多,1
会定,1
涨,1
上千,1
再选,1
每场,1
玩转,1
全球,1
认同,1
率高,1
景致,1
住行,1
好开心,1
爱好者,1
口径,1
晕头转向,1
无奈,1
入眼,1
三名,1
名叫,1
Mike,1
加长,1
不负责任,1
擅长,1
任性,1
细腻,1
动力,1
渣,1
渺小,1
始发,1
发表,1
言论,1
暂且,1
造,1
调试,1
本国,1
犯晕,1
盆友,1
若干个,1
常吃,1
菜饭,1
裔,1
常用,1
爬,1
卡梅伦,1
到学,1
重要性,1
瑞典,1
西班牙,1
联合国,1
🇺,1
综合征,1
间房,1
走来走去,1
不可避免,1
占多数,1
分摊,1
分散,1
相聚,1
同胞,1
成就,1
抢座,1
喧哗,1
疏于,1
看管,1
烫,1
训斤,1
沾满,1
大便,1
内裤,1
房门,1
满月,1
已能,1
作品,1
憎恨,1
学生,1
自已,1
上下学,1
马路边,1
奋力,1
奔跑,1
小学生,1
兴趣班,1
利已,1
主义,1
竞争,1
做起,1
好感,1
董是,1
对得起,1
善待,1
时有,1
刮痕,1
bar,1
调酒师,1
瑟,1
二十二年,1
食材会,1
登高望远,1
升高,1
加个,1
玩家,1
不屑一顾,1
超有,1
成就感,1
完泳,1
泡池,1
完银卡,1
mm,1
e,1
 ,1
fo,1
凉台,1
讲究,1
处女航,1
冰饮,1
超载,1
五人,1
舟车劳顿,1
邻江,1
壹号,1
车站,1
神州,1
车行,1
郊区,1
五份,1
一早,1
钟楼,1
歇,1
带我去,1
外币,1
兑换处,1
加急,1
用考,1
斯特,1
入,1
比较顺利,1
迎接,1
得以,1
练口,1
层有主,1
生意,1
不是太好,1
表示满意,1
珍珠项链,1
开销,1
子弹,1
挺赞,1
百度,1
用作,1
七口,1
趁娃,1
黄梅天,1
出海,1
随性,1
多动,1
采购,1
烟民,1
火机,1
吸烟区,1
演厅,1
加拿大,1
还收,1
手续费,1
没试,1
呜呜,1
专玩区,1
饭店,1
七八千,1
哭,1
迟,1
一点儿,1
现相,1
比较严重,1
服务业,1
回头客,1
一晃眼,1
路途,1
比太多,1
蛮贵,1
👨,1
👧,1
很晚,1
犹新,1
一手,1
鸡蛋,1
🥚,1
耍,1
高手,1
🇮,1
🇹,1
😋,1
川谷会,1
丈母娘,1
坐歌,1
相差太多,1
神秘感,1
百分之,1
到极点,1
豆浆,1
电子游戏,1
大暴雨,1
段时间,1
长些,1
晨间,1
涛声,1
繁星点点,1
独处,1
托儿,1
设身,1
晒黑,1
气度,1
风情万种,1
STYLE,1
之夜,1
目光,1
观众们,1
报以,1
观演,1
补看,1
意料,1
来临,1
成人区,1
花朵,1
园丁,1
🐸,1
🐘,1
退而求其次,1
无形之中,1
高上,1
吃食,1
果仁,1
ω,1
🤭,1
订房,1
订晚,1
格尔,1
十公分,1
大学,1
游泳衣,1
舞台剧,1
大战,1
锻炼,1
真不错,1
套,1
推推,1
素来,1
得来,1
称为,1
没换,1
表述,1
不清,1
辛辛苦苦,1
排到,1
茫茫,1
罪,1
深刻理解,1
行为习惯,1
压缩,1
标上,1
盆满,1
钵,1
👋,1
音量,1
耳朵,1
乡下,1
水素杯,1
没多想,1
第一间,1
再下,1
邻近,1
这要,1
排会队,1
摆盘,1
原有,1
新菜,1
上市,1
有戏,1
力奇,1
时隔,1
白带,1
两套,1
绝度,1
噢,1
热带鱼,1
企鹅,1
紧紧,1
有条,1
拍出,1
几瓶,1
自来水,1
氯气,1
行略,1
说起,1
菜样,1
记不清,1
三只,1
嚷,1
人多池,1
要数,1
money,1
偏硬,1
全托,1
四处,1
晚才,1
坐呀,1
人当,1
捡破烂,1
小吃街,1
料理店,1
天热,1
垮,1
修建,1
船去,1
出没,1
阴天,1
左手,1
第一位,1
电,1
名片,1
床品,1
水够,1
爱美,1
中意,1
三张,1
牌,1
百家乐,1
德州,1
荷官,1
延后,1
😔,1
硬着头皮,1
☹,1
突发,1
🙈,1
小份,1
很甜,1
完到,1
十五,1
🍓,1
买不到,1
熊本,1
支付宝,1
干着急,1
太热,1
后边,1
太晒,1
阴凉处,1
会折个,1
钟,1
喇叭,1
九层,1
变质,1
疾病,1
你好,1
一类,1
是否是,1
简要,1
亚裔,1
脸孔,1
供应量,1
只出,1
不进,1
一吃,1
加菜,1
稍早,1
稍晚,1
强制性,1
水洗,1
茶餐厅,1
推广,1
扰人,1
拉不开,1
挡道,1
楼及,1
二维码,1
会下,1
华为,1
球升,1
拍到,1
反射,1
人影,1
Music,1
Hall,1
DJ,1
滴血,1
租,1
连不上,1
身体状况,1
病人,1
记点,1
个主,1
气势,1
金色,1
有股,1
不在意,1
举手之劳,1
窗边,1
迷醉,1
侧舷,1
步道,1
雕塑,1
熊猫,1
本船,1
错觉,1
蝴蝶,1
鸟,1
说土,1
改了,1
水疗,1
景象,1
左边,1
当地人,1
送别,1
狗狗,1
猴叽,1
落下,1
冠军,1
直白,1
唯美,1
通俗,1
太老,1
当年,1
乐舞,1
放开,1
hhh,1
电视信号,1
醉人,1
电影频道,1
原版,1
粤语,1
叹,1
批萨店,1
hhhh,1
搭过,1
太迟,1
再要,1
勾兑,1
海鲜大餐,1
亲眼看到,1
蛏子,1
贝壳,1
茄汁,1
拌,1
前天,1
酱,1
顿饭,1
五六位,1
人接,1
赞赞赞,1
物,1
有损,1
如有,1
升舱,1
可选性,1
二瓶,1
实质,1
流行,1
人钱,1
绰绰有余,1
好莱坞,1
排场,1
活力,1
两盒,1
方便面,1
奶制品,1
奶酪,1
炒鸡蛋,1
炸,1
培根,1
hi,1
极力推荐,1
一赞,1
后厨,1
不慢,1
好几顿,1
现吃,1
吃睡,1
完毕,1
回岸,1
入世,1
沦陷,1
熬夜,1
爬格子,1
并不需要,1
黑色,1
灰屑,1
第一个,1
改约,1
这样的话,1
配点,1
酱菜,1
挑食,1
另点,1
比方说,1
外国籍,1
再多待,1
煎熬,1
无懈可击,1
配备,1
灾难,1
里会,1
正饭,1
炼狱,1
大声喊叫,1
哭闹,1
大闹,1
时时刻刻,1
亟待,1
缺是,1
国民素质,1
排名,1
第一第二,1
情形,1
鲜明,1
中算,1
丝,1
毫不逊色,1
方总,1
报幕,1
收尾,1
亲力亲为,1
劳模,1
吉野,1
成山,1
TB,1
还贵,1
戒掉,1
4G,1
时断时续,1
铁船,1
无线电,1
几本书,1
我刚,1
降价,1
白白浪费,1
700,1
想定,1
快开,1
卖不出去,1
发烧友,1
2009,1
神话,1
幸福,1
旅太,1
海轮,1
转去,1
河轮,1
从值,1
店员,1
讨论,1
撕,1
话题,1
杠杆,1
几对,1
老夫妻,1
带孙辈,1
睡好,1
必需,1
档带,1
空间规划,1
SHOW,1
上座率,1
灌装,1
无名,1
友情,1
鱼排,1
尝尝鲜,1
没停,1
自如,1
乐于助人,1
coach,1
示范,1
出身,1
仅仅只是,1
staff,1
发生意外,1
老干妈,1
低龄,1
考虑周到,1
太堵,1
一无所获,1
几处,1
多配,1
热汤,1
泛黄,1
接线生,1
面相,1
迎,1
语气,1
临近,1
定西,1
多云,1
有二大,1
言语,1
表达,1
算不上,1
算作,1
项目选择,1
火爆,1
卖完,1
太烂,1
挺坑,1
害怕,1
中不中,1
西不西,1
兜售,1
寄放,1
浓重,1
气压,1
冲水,1
水量,1
冲沛,1
确切,1
地说,1
陌生,1
结构,1
摸索,1
偏小,1
迈不开,1
洗洗,1
晒晒,1
连去,1
大锅饭,1
情有独钟,1
上火,1
品味,1
奇高,1
包和表,1
完时,1
酱上,1
两句,1
抱歉,1
碗,1
窗蛮,1
沉闷,1
口述,1
太难,1
淡到,1
单子,1
牛排餐,1
称不上,1
补偿性,1
丧失,1
待客,1
不低,1
媲美,1
加单,1
没闲,1
假,1
肺片,1
号定,1
很受,1
麻木,1
秉承,1
外资企业,1
就医,1
诊治,1
中文版,1
看病,1
1200,1
医务人员,1
就寝时间,1
愁,1
🌅,1
十岁,1
东东,1
心存,1
所见即,1
复刻,1
排上,1
让座,1
看运气,1
看会,1
挺贵,1
想乱,1
因人而异,1
为例,1
播放器,1
刷剧,1
多定,1
海事,1
断线,1
直至,1
循环,1
多得,1
之新,1
勾人,1
普普通通,1
没太高,1
78,1
出得,1
二大,1
不队,1
第一餐,1
船山,1
半成品,1
听见,1
户外活动,1
损坏,1
第二趟,1
出航,1
已坏,1
纸尿裤,1
冰冷,1
现做,1
明码标价,1
物价,1
大新,1
多外,1
吃药,1
消得,1
十几元,1
点人,1
国际品牌,1
菜谱,1
前先,1
下好,1
女生,1
撸,1
貌美,1
盒子,1
全看,1
胆小,1
懒,1
日来,1
冲刷,1
时常,1
挨饿,1
海拍个,1
5.6,1
吃来吃去,1
,1
突破,1
匹萨,1
考虑一下,1
没处,1
尝,1
主动性,1
东南亚地区,1
比较稳定,1
辛亏订,1
号线,1
脚趾头,1
装备,1
砸,1
道歉,1
称号,1
能放,1
迪士尼,1
动画电影,1
大片,1
魅力,1
开启,1
速度慢,1
太晚,1
有点累,1
游太,1
用料,1
五金,1
格雅,1
香肠,1
皇上,1
皇,1
舞魅,1
别错过,1
得叠个,1
层用,1
板着脸,1
订订,1
国产,1
几段,1
偶然,1
垃圾处理,1
无污染,1
放出,1
喂鱼,1
淡水,1
可写,1
威慨,1
万千,1
滿滿,1
短短,1
入关,1
大大缩短,1
入贴,1
团友们,1
宏观管理,1
调控,1
严密,1
精准,1
试想,1
种种,1
切实可行,1
无论如何,1
称心,1
旅轮,1
难以想像,1
出旅,1
倒数,1
一升,1
依云,1
球看,1
155,1
董加,1
荒,1
火山爆发,1
典型,1
街,1
政府,1
通街,1
要不了,1
多久,1
万元,1
茅台,1
飨宴,1
体,1
滑翔,1
需次行,1
难定,1
价格不菲,1
肯,1
音响效果,1
日子,1
晕乎乎,1
街道,1
🍙,1
皮革,1
7.99,1
一轮,1
基本空间,1
这回,1
类别,1
豆包,1
自制,1
白水,1
很淡,1
两三种,1
饮料机,1
技巧,1
兴高采烈,1
暴走,1
个弹,1
屋有,1
售卖,1
树脂,1
残破,1
那片,1
笑眯眯,1
爱答不理,1
没个,1
模样,1
还边,1
往外,1
胖胖的,1
不由分说,1
赶去,1
队尾,1
来个,1
给验,1
闹心,1
挺快,1
唔,1
略少,1
红尘,1
四合,1
扬起,1
长发,1
夜幕,1
回跑,1
无数遍,1
午夜,1
静谧,1
踏,1
备料,1
帅气,1
游太赶,1
冷冰冰,1
热度,1
送船,1
你家,1
没出,1
上方,1
带感,1
抬起,1
能住,1
Perfect,1
IFLY,1
装潢,1
商,1
唯恐,1
落后,1
失落,1
小型,1
略有不同,1
比歌,1
秉持着,1
房比内,1
一脉相承,1
满足需要,1
祝福,1
连水,1
另收,1
汤汁,1
撒到,1
漂个,1
照管,1
学到,1
帅哥美女,1
队友,1
玩多,1
穷尽,1
好感度,1
默剧,1
分给,1
合作,1
费钱,1
有所提高,1
pizza,1
旅,1
◎,1
前言,1
必买,1
有劣,1
108,1
打个,1
间隔,1
忍耐力,1
放眼望去,1
天无,1
49.9,1
天有,1
任意,1
领取,1
上门,1
水饺,1
精髓,1
同等,1
辛劳,1
渡过,1
吃厌,1
国庆节,1
j,1
预存,1
Ding,1
提成,1
业绩,1
爆差,1
脸拉到,1
此人,1
台上,1
刷不出,1
挑战性,1
当问,1
乘以,1
人船,1
严肃处理,1
重罚,1
开玩笑,1
收走,1
刀叉,1
炫目,1
没吃过,1
说完,1
来点,1
宝妈,1
控温,1
泡奶,1
全靠试,1
水温,1
招待,1
好了吗,1
看不起,1
不偷,1
金套,1
NCL,1
鸡米花,1
Mary,1
五六千,1
专业化,1
丰俭,1
便利,1
中人,1
广告,1
朗朗上口,1
麻麻,1
念经,1
心动,1
步数,1
破万,1
轻而易举,1
精力充沛,1
🏊,1
🏓,1
🏑,1
身后,1
步伐,1
万步,1
抓狂,1
不夜天,1
额头,1
boss,1
发抖,1
改小,1
外甥,1
泡温泉,1
XBOX,1
乒乓球室,1
活动室,1
打网球,1
荡秋千,1
大S,1
HOW,1
夜夜,1
小剧场,1
害羞,1
起麦,1
尽情歌唱,1
派送,1
宣传单,1
承载,1
美味佳肴,1
舱里,1
地冲,1
放得开,1
随波,1
说不定,1
奖品,1
认得,1
着手,1
绕,1
跳动,1
释放,1
cheng,1
Savoi,1
一尘不染,1
断开,1
互联网,1
与世隔绝,1
赏,1
互动性,1
不戴,1
AR,1
嬉水,1
热心肠,1
好人,1
十来个,1
讲话,1
幼儿园,1
办张,1
金卡订,1
透透气,1
闻到,1
家具,1
气味,1
瞄,1
一味,1
维多利亚,1
答案,1
发腻,1
鲜果,1
乌冬面,1
冰冻,1
这三家,1
推排,1
打折扣,1
肉食,1
食肉,1
绿地面积,1
刚来,1
四代,1
89,1
有段,1
两老,1
楼同,1
SlQI,1
汇报,1
这句,1
沉不住气,1
饭桌,1
转来转去,1
带饭,1
出尔反尔,1
国,1
服务行业,1
欣慰,1
SIQI,1
抢位,1
在所难免,1
管理员,1
画报,1
养猪场,1
令人心寒,1
欺诈性,1
隐形,1
几日,1
一笔,1
好差,1
人行,1
文字,1
生气,1
大坑,1
解决不了,1
可笑,1
人工,1
互相推诿,1
活该,1
酱紫,1
附,1
举证,1
附着,1
添堵,1
有辣,1
狠,1
明白,1
乱放,1
深表遗憾,1
上订,1
第一张,1
文字描述,1
第二张,1
房型图,1
四张,1
六张,1
第七,1
张是,1
履行,1
䑪,1
龄,1
董好,1
未开,1
中有,1
幅度,1
略大,1
大于,1
弱,1
书,1
语言障碍,1
座椅,1
隔,1
换下,1
道具,1
象,1
编组,1
日餐,1
第五次,1
开航,1
菜太咸,1
车时,1
非先到,1
先入,1
放行,1
游跟团,1
扎堆,1
货品,1
比老,1
小盆友,1
到处跑,1
必胜客,1
low,1
卖点,1
人开,1
三倍,1
比价,1
说全,1
统一价,1
敲诈,1
空气,1
警示,1
恐怖片,1
不为所动,1
恶心,1
满目,1
深蓝,1
移步,1
狂热,1
一处,1
船友,1
胡侃,1
瞎聊,1
🤺,1
欢,1
神已,1
慵懒,1
怒,1
急嘛,1
追着,1
卵,1
页,1
还编,1
时会,1
wify,1
不难,1
书面材料,1
外孙女,1
㚈,1
孙四人,1
球场,1
风俗,1
聚集,1
似,1
霭,1
令人感动,1
予定,1
2020,1
黄梦娜,1
彰显,1
一晃而过,1
多面,1
落日余晖,1
中是,1
从容,1
量足,1
三位,1
有柱,1
拐,1
所到之处,1
障碍,1
携助,1
下坡,1
浙江,1
星之旅,1
02,1
这几年来,1
看头,1
停留,1
没带,1
过前,1
两只,1
连照,1
相片,1
旅遊,1
適合,1
情侶,1
出遊,1
上年,1
紀的,1
休閒,1
時光,1
不二,1
之选,1
完回,1
湿滑,1
防护,1
球外,1
腹式,1
趴在,1
上时,1
亲吻,1
seven,1
backback,1
不知所措,1
总得来说,1
题材,1
表演艺术,1
𣎴,1
i,1
液有,1
洗头,1
剂,1
奔赴,1
九夜,1
西贡,1
二天,1
但主餐,1
十四点,1
油漆味,1
很浓,1
九晚,1
onboard,1
credit,1
处女,1
下海,1
胡志明,1
中国香港,1
傻乎乎,1
没事干,1
楼吃个,1
起不来,1
稍麦,1
正式,1
五道,1
倒杯,1
美容院,1
跑跑步,1
足底,1
检测,1
脊椎,1
地图,1
温,1
想不起来,1
积分,1
起航,1
娃带,1
十几个,1
保洁员,1
整整齐齐,1
泰迪熊,1
举动,1
足以,1
恋恋,1
舍,1
看护,1
选好,1
中东,1
墨西哥,1
榨菜,1
从未有过,1
全备,1
预备,1
最为,1
排练,1
服装,1
米娅,1
